This is pdfTeX, Version 3.141592653-2.6-1.40.27 (MiKTeX 25.4) (preloaded format=pdflatex 2025.12.14)  29 MAR 2026 21:46
entering extended mode
 \write18 enabled.
 %&-line parsing enabled.
**./GammaRP1e.tex
(GammaRP1e.tex
LaTeX2e <2025-11-01>
L3 programming layer <2025-11-06>
(C:\Program Files\MiKTeX\tex/latex/base\book.cls
Document Class: book 2025/01/22 v1.4n Standard LaTeX document class
(C:\Program Files\MiKTeX\tex/latex/base\bk10.clo
File: bk10.clo 2025/01/22 v1.4n Standard LaTeX file (size option)
)
\c@part=\count275
\c@chapter=\count276
\c@section=\count277
\c@subsection=\count278
\c@subsubsection=\count279
\c@paragraph=\count280
\c@subparagraph=\count281
\c@figure=\count282
\c@table=\count283
\abovecaptionskip=\skip49
\belowcaptionskip=\skip50
\bibindent=\dimen148
)
(C:\Program Files\MiKTeX\tex/latex/geometry\geometry.sty
Package: geometry 2020/01/02 v5.9 Page Geometry

(C:\Program Files\MiKTeX\tex/latex/graphics\keyval.sty
Package: keyval 2022/05/29 v1.15 key=value parser (DPC)
\KV@toks@=\toks17
)
(C:\Program Files\MiKTeX\tex/generic/iftex\ifvtex.sty
Package: ifvtex 2019/10/25 v1.7 ifvtex legacy package. Use iftex instead.

(C:\Program Files\MiKTeX\tex/generic/iftex\iftex.sty
Package: iftex 2024/12/12 v1.0g TeX engine tests
))
\Gm@cnth=\count284
\Gm@cntv=\count285
\c@Gm@tempcnt=\count286
\Gm@bindingoffset=\dimen149
\Gm@wd@mp=\dimen150
\Gm@odd@mp=\dimen151
\Gm@even@mp=\dimen152
\Gm@layoutwidth=\dimen153
\Gm@layoutheight=\dimen154
\Gm@layouthoffset=\dimen155
\Gm@layoutvoffset=\dimen156
\Gm@dimlist=\toks18

(C:\Program Files\MiKTeX\tex/latex/geometry\geometry.cfg))

LaTeX Warning: \include should only be used after \begin{document} on input lin
e 15.

(GRPfunctions.tex (C:\Program Files\MiKTeX\tex/latex/pgf/basiclayer\pgf.sty
(C:\Program Files\MiKTeX\tex/latex/pgf/utilities\pgfrcs.sty
(C:\Program Files\MiKTeX\tex/generic/pgf/utilities\pgfutil-common.tex
\pgfutil@everybye=\toks19
\pgfutil@tempdima=\dimen157
\pgfutil@tempdimb=\dimen158
)
(C:\Program Files\MiKTeX\tex/generic/pgf/utilities\pgfutil-latex.def
\pgfutil@abb=\box53
)
(C:\Program Files\MiKTeX\tex/generic/pgf/utilities\pgfrcs.code.tex
(C:\Program Files\MiKTeX\tex/generic/pgf\pgf.revision.tex)
Package: pgfrcs 2025-08-29 v3.1.11a (3.1.11a)
))
Package: pgf 2025-08-29 v3.1.11a (3.1.11a)

(C:\Program Files\MiKTeX\tex/latex/pgf/basiclayer\pgfcore.sty
(C:\Program Files\MiKTeX\tex/latex/graphics\graphicx.sty
Package: graphicx 2024/12/31 v1.2e Enhanced LaTeX Graphics (DPC,SPQR)

(C:\Program Files\MiKTeX\tex/latex/graphics\graphics.sty
Package: graphics 2024/08/06 v1.4g Standard LaTeX Graphics (DPC,SPQR)

(C:\Program Files\MiKTeX\tex/latex/graphics\trig.sty
Package: trig 2023/12/02 v1.11 sin cos tan (DPC)
)
(C:\Program Files\MiKTeX\tex/latex/graphics-cfg\graphics.cfg
File: graphics.cfg 2016/06/04 v1.11 sample graphics configuration
)
Package graphics Info: Driver file: pdftex.def on input line 106.

(C:\Program Files\MiKTeX\tex/latex/graphics-def\pdftex.def
File: pdftex.def 2025/09/29 v1.2d Graphics/color driver for pdftex
))
\Gin@req@height=\dimen159
\Gin@req@width=\dimen160
)
(C:\Program Files\MiKTeX\tex/latex/pgf/systemlayer\pgfsys.sty
(C:\Program Files\MiKTeX\tex/generic/pgf/systemlayer\pgfsys.code.tex
Package: pgfsys 2025-08-29 v3.1.11a (3.1.11a)

(C:\Program Files\MiKTeX\tex/generic/pgf/utilities\pgfkeys.code.tex
\pgfkeys@pathtoks=\toks20
\pgfkeys@temptoks=\toks21

(C:\Program Files\MiKTeX\tex/generic/pgf/utilities\pgfkeyslibraryfiltered.code.
tex
\pgfkeys@tmptoks=\toks22
))
\pgf@x=\dimen161
\pgf@y=\dimen162
\pgf@xa=\dimen163
\pgf@ya=\dimen164
\pgf@xb=\dimen165
\pgf@yb=\dimen166
\pgf@xc=\dimen167
\pgf@yc=\dimen168
\pgf@xd=\dimen169
\pgf@yd=\dimen170
\w@pgf@writea=\write3
\r@pgf@reada=\read2
\c@pgf@counta=\count287
\c@pgf@countb=\count288
\c@pgf@countc=\count289
\c@pgf@countd=\count290
\t@pgf@toka=\toks23
\t@pgf@tokb=\toks24
\t@pgf@tokc=\toks25
\pgf@sys@id@count=\count291
 (C:\Program Files\MiKTeX\tex/generic/pgf/systemlayer\pgf.cfg
File: pgf.cfg 2025-08-29 v3.1.11a (3.1.11a)
)
Driver file for pgf: pgfsys-pdftex.def

(C:\Program Files\MiKTeX\tex/generic/pgf/systemlayer\pgfsys-pdftex.def
File: pgfsys-pdftex.def 2025-08-29 v3.1.11a (3.1.11a)

(C:\Program Files\MiKTeX\tex/generic/pgf/systemlayer\pgfsys-common-pdf.def
File: pgfsys-common-pdf.def 2025-08-29 v3.1.11a (3.1.11a)
)))
(C:\Program Files\MiKTeX\tex/generic/pgf/systemlayer\pgfsyssoftpath.code.tex
File: pgfsyssoftpath.code.tex 2025-08-29 v3.1.11a (3.1.11a)
\pgfsyssoftpath@smallbuffer@items=\count292
\pgfsyssoftpath@bigbuffer@items=\count293
)
(C:\Program Files\MiKTeX\tex/generic/pgf/systemlayer\pgfsysprotocol.code.tex
File: pgfsysprotocol.code.tex 2025-08-29 v3.1.11a (3.1.11a)
))
(C:\Program Files\MiKTeX\tex/latex/xcolor\xcolor.sty
Package: xcolor 2024/09/29 v3.02 LaTeX color extensions (UK)

(C:\Program Files\MiKTeX\tex/latex/graphics-cfg\color.cfg
File: color.cfg 2016/01/02 v1.6 sample color configuration
)
Package xcolor Info: Driver file: pdftex.def on input line 274.

(C:\Program Files\MiKTeX\tex/latex/graphics\mathcolor.ltx)
Package xcolor Info: Model `cmy' substituted by `cmy0' on input line 1349.
Package xcolor Info: Model `hsb' substituted by `rgb' on input line 1353.
Package xcolor Info: Model `RGB' extended on input line 1365.
Package xcolor Info: Model `HTML' substituted by `rgb' on input line 1367.
Package xcolor Info: Model `Hsb' substituted by `hsb' on input line 1368.
Package xcolor Info: Model `tHsb' substituted by `hsb' on input line 1369.
Package xcolor Info: Model `HSB' substituted by `hsb' on input line 1370.
Package xcolor Info: Model `Gray' substituted by `gray' on input line 1371.
Package xcolor Info: Model `wave' substituted by `hsb' on input line 1372.
)
(C:\Program Files\MiKTeX\tex/generic/pgf/basiclayer\pgfcore.code.tex
Package: pgfcore 2025-08-29 v3.1.11a (3.1.11a)

(C:\Program Files\MiKTeX\tex/generic/pgf/math\pgfmath.code.tex
(C:\Program Files\MiKTeX\tex/generic/pgf/math\pgfmathutil.code.tex)
(C:\Program Files\MiKTeX\tex/generic/pgf/math\pgfmathparser.code.tex
\pgfmath@dimen=\dimen171
\pgfmath@count=\count294
\pgfmath@box=\box54
\pgfmath@toks=\toks26
\pgfmath@stack@operand=\toks27
\pgfmath@stack@operation=\toks28
)
(C:\Program Files\MiKTeX\tex/generic/pgf/math\pgfmathfunctions.code.tex)
(C:\Program Files\MiKTeX\tex/generic/pgf/math\pgfmathfunctions.basic.code.tex)
(C:\Program Files\MiKTeX\tex/generic/pgf/math\pgfmathfunctions.trigonometric.co
de.tex)
(C:\Program Files\MiKTeX\tex/generic/pgf/math\pgfmathfunctions.random.code.tex)

(C:\Program Files\MiKTeX\tex/generic/pgf/math\pgfmathfunctions.comparison.code.
tex)
(C:\Program Files\MiKTeX\tex/generic/pgf/math\pgfmathfunctions.base.code.tex)
(C:\Program Files\MiKTeX\tex/generic/pgf/math\pgfmathfunctions.round.code.tex)
(C:\Program Files\MiKTeX\tex/generic/pgf/math\pgfmathfunctions.misc.code.tex)
(C:\Program Files\MiKTeX\tex/generic/pgf/math\pgfmathfunctions.integerarithmeti
cs.code.tex) (C:\Program Files\MiKTeX\tex/generic/pgf/math\pgfmathcalc.code.tex
) (C:\Program Files\MiKTeX\tex/generic/pgf/math\pgfmathfloat.code.tex
\c@pgfmathroundto@lastzeros=\count295
))
(C:\Program Files\MiKTeX\tex/generic/pgf/math\pgfint.code.tex)
(C:\Program Files\MiKTeX\tex/generic/pgf/basiclayer\pgfcorepoints.code.tex
File: pgfcorepoints.code.tex 2025-08-29 v3.1.11a (3.1.11a)
\pgf@picminx=\dimen172
\pgf@picmaxx=\dimen173
\pgf@picminy=\dimen174
\pgf@picmaxy=\dimen175
\pgf@pathminx=\dimen176
\pgf@pathmaxx=\dimen177
\pgf@pathminy=\dimen178
\pgf@pathmaxy=\dimen179
\pgf@xx=\dimen180
\pgf@xy=\dimen181
\pgf@yx=\dimen182
\pgf@yy=\dimen183
\pgf@zx=\dimen184
\pgf@zy=\dimen185
)
(C:\Program Files\MiKTeX\tex/generic/pgf/basiclayer\pgfcorepathconstruct.code.t
ex
File: pgfcorepathconstruct.code.tex 2025-08-29 v3.1.11a (3.1.11a)
\pgf@path@lastx=\dimen186
\pgf@path@lasty=\dimen187
)
(C:\Program Files\MiKTeX\tex/generic/pgf/basiclayer\pgfcorepathusage.code.tex
File: pgfcorepathusage.code.tex 2025-08-29 v3.1.11a (3.1.11a)
\pgf@shorten@end@additional=\dimen188
\pgf@shorten@start@additional=\dimen189
)
(C:\Program Files\MiKTeX\tex/generic/pgf/basiclayer\pgfcorescopes.code.tex
File: pgfcorescopes.code.tex 2025-08-29 v3.1.11a (3.1.11a)
\pgfpic=\box55
\pgf@hbox=\box56
\pgf@layerbox@main=\box57
\pgf@picture@serial@count=\count296
)
(C:\Program Files\MiKTeX\tex/generic/pgf/basiclayer\pgfcoregraphicstate.code.te
x
File: pgfcoregraphicstate.code.tex 2025-08-29 v3.1.11a (3.1.11a)
\pgflinewidth=\dimen190
)
(C:\Program Files\MiKTeX\tex/generic/pgf/basiclayer\pgfcoretransformations.code
.tex
File: pgfcoretransformations.code.tex 2025-08-29 v3.1.11a (3.1.11a)
\pgf@pt@x=\dimen191
\pgf@pt@y=\dimen192
\pgf@pt@temp=\dimen193
) (C:\Program Files\MiKTeX\tex/generic/pgf/basiclayer\pgfcorequick.code.tex
File: pgfcorequick.code.tex 2025-08-29 v3.1.11a (3.1.11a)
) (C:\Program Files\MiKTeX\tex/generic/pgf/basiclayer\pgfcoreobjects.code.tex
File: pgfcoreobjects.code.tex 2025-08-29 v3.1.11a (3.1.11a)
)
(C:\Program Files\MiKTeX\tex/generic/pgf/basiclayer\pgfcorepathprocessing.code.
tex
File: pgfcorepathprocessing.code.tex 2025-08-29 v3.1.11a (3.1.11a)
) (C:\Program Files\MiKTeX\tex/generic/pgf/basiclayer\pgfcorearrows.code.tex
File: pgfcorearrows.code.tex 2025-08-29 v3.1.11a (3.1.11a)
\pgfarrowsep=\dimen194
) (C:\Program Files\MiKTeX\tex/generic/pgf/basiclayer\pgfcoreshade.code.tex
File: pgfcoreshade.code.tex 2025-08-29 v3.1.11a (3.1.11a)
\pgf@max=\dimen195
\pgf@sys@shading@range@num=\count297
\pgf@shadingcount=\count298
)
(C:\Program Files\MiKTeX\tex/generic/pgf/basiclayer\pgfcoreimage.code.tex
File: pgfcoreimage.code.tex 2025-08-29 v3.1.11a (3.1.11a)
)
(C:\Program Files\MiKTeX\tex/generic/pgf/basiclayer\pgfcoreexternal.code.tex
File: pgfcoreexternal.code.tex 2025-08-29 v3.1.11a (3.1.11a)
\pgfexternal@startupbox=\box58
)
(C:\Program Files\MiKTeX\tex/generic/pgf/basiclayer\pgfcorelayers.code.tex
File: pgfcorelayers.code.tex 2025-08-29 v3.1.11a (3.1.11a)
)
(C:\Program Files\MiKTeX\tex/generic/pgf/basiclayer\pgfcoretransparency.code.te
x
File: pgfcoretransparency.code.tex 2025-08-29 v3.1.11a (3.1.11a)
) (C:\Program Files\MiKTeX\tex/generic/pgf/basiclayer\pgfcorepatterns.code.tex
File: pgfcorepatterns.code.tex 2025-08-29 v3.1.11a (3.1.11a)
) (C:\Program Files\MiKTeX\tex/generic/pgf/basiclayer\pgfcorerdf.code.tex
File: pgfcorerdf.code.tex 2025-08-29 v3.1.11a (3.1.11a)
)))
(C:\Program Files\MiKTeX\tex/generic/pgf/modules\pgfmoduleshapes.code.tex
File: pgfmoduleshapes.code.tex 2025-08-29 v3.1.11a (3.1.11a)
\pgfnodeparttextbox=\box59
)
(C:\Program Files\MiKTeX\tex/generic/pgf/modules\pgfmoduleplot.code.tex
File: pgfmoduleplot.code.tex 2025-08-29 v3.1.11a (3.1.11a)
)
(C:\Program Files\MiKTeX\tex/latex/pgf/compatibility\pgfcomp-version-0-65.sty
Package: pgfcomp-version-0-65 2025-08-29 v3.1.11a (3.1.11a)
\pgf@nodesepstart=\dimen196
\pgf@nodesepend=\dimen197
)
(C:\Program Files\MiKTeX\tex/latex/pgf/compatibility\pgfcomp-version-1-18.sty
Package: pgfcomp-version-1-18 2025-08-29 v3.1.11a (3.1.11a)
)) (C:\Program Files\MiKTeX\tex/latex/xstring\xstring.sty
(C:\Program Files\MiKTeX\tex/generic/xstring\xstring.tex
\xs_counta=\count299
\xs_countb=\count300
)
Package: xstring 2023/08/22 v1.86 String manipulations (CT)
)
(C:\Program Files\MiKTeX\tex/latex/tools\layout.sty
Package: layout 2023-08-20 v1.2e Show layout parameters
\oneinch=\count301
\cnt@paperwidth=\count302
\cnt@paperheight=\count303
\cnt@hoffset=\count304
\cnt@voffset=\count305
\cnt@textheight=\count306
\cnt@textwidth=\count307
\cnt@topmargin=\count308
\cnt@oddsidemargin=\count309
\cnt@evensidemargin=\count310
\cnt@headheight=\count311
\cnt@headsep=\count312
\cnt@marginparsep=\count313
\cnt@marginparwidth=\count314
\cnt@marginparpush=\count315
\cnt@footskip=\count316
\fheight=\count317
\ref@top=\count318
\ref@hoffset=\count319
\ref@voffset=\count320
\ref@head=\count321
\ref@body=\count322
\ref@foot=\count323
\ref@margin=\count324
\ref@marginwidth=\count325
\ref@marginpar=\count326
\Interval=\count327
\ExtraYPos=\count328
\PositionX=\count329
\PositionY=\count330
\ArrowLength=\count331
)
(C:\Program Files\MiKTeX\tex/latex/fancyhdr\fancyhdr.sty
Package: fancyhdr 2025/02/07 v5.2 Extensive control of page headers and footers

\f@nch@headwidth=\skip51
\f@nch@offset@elh=\skip52
\f@nch@offset@erh=\skip53
\f@nch@offset@olh=\skip54
\f@nch@offset@orh=\skip55
\f@nch@offset@elf=\skip56
\f@nch@offset@erf=\skip57
\f@nch@offset@olf=\skip58
\f@nch@offset@orf=\skip59
\f@nch@height=\skip60
\f@nch@footalignment=\skip61
\f@nch@widthL=\skip62
\f@nch@widthC=\skip63
\f@nch@widthR=\skip64
\@temptokenb=\toks29
)
(C:\Program Files\MiKTeX\tex/latex/imakeidx\imakeidx.sty
Package: imakeidx 2016/10/15 v1.3e Package for typesetting indices in a synchro
nous mode

(C:\Program Files\MiKTeX\tex/latex/xkeyval\xkeyval.sty
Package: xkeyval 2022/06/16 v2.9 package option processing (HA)

(C:\Program Files\MiKTeX\tex/generic/xkeyval\xkeyval.tex
(C:\Program Files\MiKTeX\tex/generic/xkeyval\xkvutils.tex
\XKV@toks=\toks30
\XKV@tempa@toks=\toks31
)
\XKV@depth=\count332
File: xkeyval.tex 2014/12/03 v2.7a key=value parser (HA)
))
(C:\Program Files\MiKTeX\tex/generic/iftex\ifxetex.sty
Package: ifxetex 2019/10/25 v0.7 ifxetex legacy package. Use iftex instead.
)
(C:\Program Files\MiKTeX\tex/generic/iftex\ifluatex.sty
Package: ifluatex 2019/10/25 v1.5 ifluatex legacy package. Use iftex instead.
)
(C:\Program Files\MiKTeX\tex/latex/tools\multicol.sty
Package: multicol 2025/10/21 v2.0b multicolumn formatting (FMi)
\c@tracingmulticols=\count333
\mult@box=\box60
\multicol@leftmargin=\dimen198
\c@unbalance=\count334
\c@collectmore=\count335
\doublecol@number=\count336
\multicoltolerance=\count337
\multicolpretolerance=\count338
\full@width=\dimen199
\page@free=\dimen256
\premulticols=\dimen257
\postmulticols=\dimen258
\multicolsep=\skip65
\multicolbaselineskip=\skip66
\partial@page=\box61
\last@line=\box62
\mc@boxedresult=\box63
\maxbalancingoverflow=\dimen259
\mult@rightbox=\box64
\mult@grightbox=\box65
\mult@firstbox=\box66
\mult@gfirstbox=\box67
\@tempa=\box68
\@tempa=\box69
\@tempa=\box70
\@tempa=\box71
\@tempa=\box72
\@tempa=\box73
\@tempa=\box74
\@tempa=\box75
\@tempa=\box76
\@tempa=\box77
\@tempa=\box78
\@tempa=\box79
\@tempa=\box80
\@tempa=\box81
\@tempa=\box82
\@tempa=\box83
\@tempa=\box84
\@tempa=\box85
\@tempa=\box86
\@tempa=\box87
\@tempa=\box88
\@tempa=\box89
\@tempa=\box90
\@tempa=\box91
\@tempa=\box92
\@tempa=\box93
\@tempa=\box94
\@tempa=\box95
\@tempa=\box96
\@tempa=\box97
\@tempa=\box98
\@tempa=\box99
\@tempa=\box100
\@tempa=\box101
\@tempa=\box102
\@tempa=\box103
\c@minrows=\count339
\c@columnbadness=\count340
\c@finalcolumnbadness=\count341
\last@try=\dimen260
\multicolovershoot=\dimen261
\multicolundershoot=\dimen262
\mult@nat@firstbox=\box104
\colbreak@box=\box105
\mc@col@check@num=\count342
\g__mc_curr_col_int=\count343
))
(C:\Program Files\MiKTeX\tex/latex/etoolbox\etoolbox.sty
Package: etoolbox 2025/10/02 v2.5m e-TeX tools for LaTeX (JAW)
\etb@tempcnta=\count344
)
(C:\Program Files\MiKTeX\tex/latex/ifoddpage\ifoddpage.sty
Package: ifoddpage 2022/10/18 v1.2 Conditionals for odd/even page detection
\c@checkoddpage=\count345
)
(C:\Program Files\MiKTeX\tex/latex/enumitem\enumitem.sty
Package: enumitem 2025/02/06 v3.11 Customized lists
\labelindent=\skip67
\enit@outerparindent=\dimen263
\enit@toks=\toks32
\enit@inbox=\box106
\enit@count@id=\count346
\enitdp@description=\count347
)
(C:\Program Files\MiKTeX\tex/latex/lipsum\lipsum.sty
(C:\Program Files\MiKTeX\tex/latex/l3packages/l3keys2e\l3keys2e.sty
(C:\Program Files\MiKTeX\tex/latex/l3kernel\expl3.sty
Package: expl3 2025-11-06 L3 programming layer (loader) 

(C:\Program Files\MiKTeX\tex/latex/l3backend\l3backend-pdftex.def
File: l3backend-pdftex.def 2025-10-09 L3 backend support: PDF output (pdfTeX)
\l__color_backend_stack_int=\count348
))
Package: l3keys2e 2025-10-09 LaTeX2e option processing using LaTeX3 keys
)
Package: lipsum 2021-09-20 v2.7 150 paragraphs of Lorem Ipsum dummy text
\g__lipsum_par_int=\count349
\l__lipsum_a_int=\count350
\l__lipsum_b_int=\count351

(C:\Program Files\MiKTeX\tex/latex/lipsum\lipsum.ltd.tex))
(C:\Program Files\MiKTeX\tex/latex/tools\afterpage.sty
Package: afterpage 2023/07/04 v1.08 After-Page Package (DPC)
\AP@output=\toks33
\AP@partial=\box107
\AP@footins=\box108
)
(C:\Program Files\MiKTeX\tex/latex/xfrac\xfrac.sty
(C:\Program Files\MiKTeX\tex/latex/amsmath\amstext.sty
Package: amstext 2024/11/17 v2.01 AMS text

(C:\Program Files\MiKTeX\tex/latex/amsmath\amsgen.sty
File: amsgen.sty 1999/11/30 v2.0 generic functions
\@emptytoks=\toks34
\ex@=\dimen264
))
Package: xfrac 2024-06-04 Split-level fractions
\l__xfrac_slash_box=\box109
\l__xfrac_tmp_box=\box110
\l__xfrac_denominator_bot_sep_dim=\dimen265
\l__xfrac_numerator_bot_sep_dim=\dimen266
\l__xfrac_numerator_top_sep_dim=\dimen267
\l__xfrac_slash_left_sep_dim=\dimen268
\l__xfrac_slash_right_sep_dim=\dimen269
\l__xfrac_slash_left_muskip=\muskip17
\l__xfrac_slash_right_muskip=\muskip18

LaTeX template Info: Declaring template type 'xfrac' taking 3 argument(s) on
(template)           line 100.


LaTeX template Info: Declaring instance 'cmr' of type xfrac on line 392.


LaTeX template Info: Declaring instance 'cmss' of type xfrac on line 392.


LaTeX template Info: Declaring instance 'cmtt' of type xfrac on line 392.

)
(C:\Program Files\MiKTeX\tex/latex/colortbl\colortbl.sty
Package: colortbl 2024/10/29 v1.0k Color table columns (DPC)

(C:\Program Files\MiKTeX\tex/latex/tools\array.sty
Package: array 2025/09/25 v2.6n Tabular extension package (FMi)
\col@sep=\dimen270
\ar@mcellbox=\box111
\extrarowheight=\dimen271
\NC@list=\toks35
\extratabsurround=\skip68
\backup@length=\skip69
\ar@cellbox=\box112
)
\everycr=\toks36
\minrowclearance=\skip70
\rownum=\count352
)
(C:\Program Files\MiKTeX\tex/latex/sectsty\sectsty.sty
Package: sectsty 2002/02/25 v2.0.2 Commands to change all sectional heading sty
les


LaTeX Warning: Command \underbar  has changed.
               Check if current package is valid.


LaTeX Warning: Command \underline  has changed.
               Check if current package is valid.

) (C:\Program Files\MiKTeX\tex/latex/gensymb\gensymb.sty
Package: gensymb 2022/10/17 v1.0.2 (KJH)
)
(C:\Program Files\MiKTeX\tex/latex/tcolorbox\tcolorbox.sty
Package: tcolorbox 2025/09/09 version 6.8.0 text color boxes

(C:\Program Files\MiKTeX\tex/latex/pgf/frontendlayer\tikz.sty
(C:\Program Files\MiKTeX\tex/latex/pgf/utilities\pgffor.sty
(C:\Program Files\MiKTeX\tex/latex/pgf/utilities\pgfkeys.sty
(C:\Program Files\MiKTeX\tex/generic/pgf/utilities\pgfkeys.code.tex))
(C:\Program Files\MiKTeX\tex/latex/pgf/math\pgfmath.sty
(C:\Program Files\MiKTeX\tex/generic/pgf/math\pgfmath.code.tex))
(C:\Program Files\MiKTeX\tex/generic/pgf/utilities\pgffor.code.tex
Package: pgffor 2025-08-29 v3.1.11a (3.1.11a)
\pgffor@iter=\dimen272
\pgffor@skip=\dimen273
\pgffor@stack=\toks37
\pgffor@toks=\toks38
))
(C:\Program Files\MiKTeX\tex/generic/pgf/frontendlayer/tikz\tikz.code.tex
Package: tikz 2025-08-29 v3.1.11a (3.1.11a)

(C:\Program Files\MiKTeX\tex/generic/pgf/libraries\pgflibraryplothandlers.code.
tex
File: pgflibraryplothandlers.code.tex 2025-08-29 v3.1.11a (3.1.11a)
\pgf@plot@mark@count=\count353
\pgfplotmarksize=\dimen274
)
\tikz@lastx=\dimen275
\tikz@lasty=\dimen276
\tikz@lastxsaved=\dimen277
\tikz@lastysaved=\dimen278
\tikz@lastmovetox=\dimen279
\tikz@lastmovetoy=\dimen280
\tikzleveldistance=\dimen281
\tikzsiblingdistance=\dimen282
\tikz@figbox=\box113
\tikz@figbox@bg=\box114
\tikz@tempbox=\box115
\tikz@tempbox@bg=\box116
\tikztreelevel=\count354
\tikznumberofchildren=\count355
\tikznumberofcurrentchild=\count356
\tikz@fig@count=\count357
 (C:\Program Files\MiKTeX\tex/generic/pgf/modules\pgfmodulematrix.code.tex
File: pgfmodulematrix.code.tex 2025-08-29 v3.1.11a (3.1.11a)
\pgfmatrixcurrentrow=\count358
\pgfmatrixcurrentcolumn=\count359
\pgf@matrix@numberofcolumns=\count360
)
\tikz@expandcount=\count361

(C:\Program Files\MiKTeX\tex/generic/pgf/frontendlayer/tikz/libraries\tikzlibra
rytopaths.code.tex
File: tikzlibrarytopaths.code.tex 2025-08-29 v3.1.11a (3.1.11a)
))) (C:\Program Files\MiKTeX\tex/latex/tools\verbatim.sty
Package: verbatim 2024-01-22 v1.5x LaTeX2e package for verbatim enhancements
\every@verbatim=\toks39
\verbatim@line=\toks40
\verbatim@in@stream=\read3
)
(C:\Program Files\MiKTeX\tex/latex/environ\environ.sty
Package: environ 2014/05/04 v0.3 A new way to define environments

(C:\Program Files\MiKTeX\tex/latex/trimspaces\trimspaces.sty
Package: trimspaces 2009/09/17 v1.1 Trim spaces around a token list
)
\@envbody=\toks41
)
\tcb@titlebox=\box117
\tcb@upperbox=\box118
\tcb@lowerbox=\box119
\tcb@phantombox=\box120
\c@tcbbreakpart=\count362
\c@tcblayer=\count363
\c@tcolorbox@number=\count364
\l__tcobox_tmpa_box=\box121
\l__tcobox_tmpa_dim=\dimen283
\tcb@temp=\box122
\tcb@temp=\box123
\tcb@temp=\box124
\tcb@temp=\box125

(C:\Program Files\MiKTeX\tex/latex/tcolorbox\tcbraster.code.tex
Library (tcolorbox): 'tcbraster.code.tex' version '6.8.0'
\c@tcbrastercolumn=\count365
\c@tcbrasterrow=\count366
\c@tcbrasternum=\count367
\c@tcbraster=\count368
) (C:\Program Files\MiKTeX\tex/latex/tcolorbox\tcbskins.code.tex
Library (tcolorbox): 'tcbskins.code.tex' version '6.8.0'
(C:\Program Files\MiKTeX\tex/latex/tikzfill\tikzfill.image.sty
Package: tikzfill.image 2023/08/08 v1.0.1 Image filling library for TikZ

(C:\Program Files\MiKTeX\tex/latex/tikzfill\tikzfill-common.sty
Package: tikzfill-common 2023/08/08 v1.0.1 Auxiliary code for tikzfill
)
(C:\Program Files\MiKTeX\tex/latex/tikzfill\tikzlibraryfill.image.code.tex
File: tikzlibraryfill.image.code.tex 2023/08/08 v1.0.1 Image filling library
\l__tikzfill_img_box=\box126
))
(C:\Program Files\MiKTeX\tex/latex/tcolorbox\tcbskinsjigsaw.code.tex
Library (tcolorbox): 'tcbskinsjigsaw.code.tex' version '6.8.0'
)) (C:\Program Files\MiKTeX\tex/latex/tcolorbox\tcbbreakable.code.tex
Library (tcolorbox): 'tcbbreakable.code.tex' version '6.8.0'
(C:\Program Files\MiKTeX\tex/latex/pdfcol\pdfcol.sty
Package: pdfcol 2022-09-21 v1.7 Handle new color stacks for pdfTeX (HO)

(C:\Program Files\MiKTeX\tex/generic/ltxcmds\ltxcmds.sty
Package: ltxcmds 2023-12-04 v1.26 LaTeX kernel commands for general use (HO)
)
(C:\Program Files\MiKTeX\tex/generic/infwarerr\infwarerr.sty
Package: infwarerr 2019/12/03 v1.5 Providing info/warning/error messages (HO)
))
Package pdfcol Info: New color stack `tcb@breakable' = 1 on input line 23.
\tcb@testbox=\box127
\tcb@totalupperbox=\box128
\tcb@totallowerbox=\box129
)
(C:\Program Files\MiKTeX\tex/latex/tcolorbox\tcbhooks.code.tex
Library (tcolorbox): 'tcbhooks.code.tex' version '6.8.0'
) (C:\Program Files\MiKTeX\tex/latex/tcolorbox\tcbtheorems.code.tex
Library (tcolorbox): 'tcbtheorems.code.tex' version '6.8.0'
(C:\Program Files\MiKTeX\tex/latex/amsmath\amsmath.sty
Package: amsmath 2025/07/09 v2.17z AMS math features
\@mathmargin=\skip71

For additional information on amsmath, use the `?' option.
(C:\Program Files\MiKTeX\tex/latex/amsmath\amsbsy.sty
Package: amsbsy 1999/11/29 v1.2d Bold Symbols
\pmbraise@=\dimen284
)
(C:\Program Files\MiKTeX\tex/latex/amsmath\amsopn.sty
Package: amsopn 2022/04/08 v2.04 operator names
)
\inf@bad=\count369
LaTeX Info: Redefining \frac on input line 233.
\uproot@=\count370
\leftroot@=\count371
LaTeX Info: Redefining \overline on input line 398.
LaTeX Info: Redefining \colon on input line 409.
\classnum@=\count372
\DOTSCASE@=\count373
LaTeX Info: Redefining \ldots on input line 495.
LaTeX Info: Redefining \dots on input line 498.
LaTeX Info: Redefining \cdots on input line 619.
\Mathstrutbox@=\box130
\strutbox@=\box131
LaTeX Info: Redefining \big on input line 721.
LaTeX Info: Redefining \Big on input line 722.
LaTeX Info: Redefining \bigg on input line 723.
LaTeX Info: Redefining \Bigg on input line 724.
\big@size=\dimen285
LaTeX Font Info:    Redeclaring font encoding OML on input line 742.
LaTeX Font Info:    Redeclaring font encoding OMS on input line 743.
\macc@depth=\count374
LaTeX Info: Redefining \bmod on input line 904.
LaTeX Info: Redefining \pmod on input line 909.
LaTeX Info: Redefining \smash on input line 939.
LaTeX Info: Redefining \relbar on input line 969.
LaTeX Info: Redefining \Relbar on input line 970.
\c@MaxMatrixCols=\count375
\dotsspace@=\muskip19
\c@parentequation=\count376
\dspbrk@lvl=\count377
\tag@help=\toks42
\row@=\count378
\column@=\count379
\maxfields@=\count380
\andhelp@=\toks43
\eqnshift@=\dimen286
\alignsep@=\dimen287
\tagshift@=\dimen288
\tagwidth@=\dimen289
\totwidth@=\dimen290
\lineht@=\dimen291
\@envbody=\toks44
\multlinegap=\skip72
\multlinetaggap=\skip73
\mathdisplay@stack=\toks45
LaTeX Info: Redefining \[ on input line 2950.
LaTeX Info: Redefining \] on input line 2951.
))
(C:\Program Files\MiKTeX\tex/latex/tcolorbox\tcbfitting.code.tex
Library (tcolorbox): 'tcbfitting.code.tex' version '6.8.0'
\tcbfitdim=\dimen292
\tcb@lowerfitdim=\dimen293
\tcb@upperfitdim=\dimen294
\tcb@cur@hbadness=\count381
) (C:\Program Files\MiKTeX\tex/latex/tcolorbox\tcblistingsutf8.code.tex
Library (tcolorbox): 'tcblistingsutf8.code.tex' version '6.8.0'
(C:\Program Files\MiKTeX\tex/latex/tcolorbox\tcblistings.code.tex
Library (tcolorbox): 'tcblistings.code.tex' version '6.8.0'
(C:\Program Files\MiKTeX\tex/latex/listings\listings.sty
\lst@mode=\count382
\lst@gtempboxa=\box132
\lst@token=\toks46
\lst@length=\count383
\lst@currlwidth=\dimen295
\lst@column=\count384
\lst@pos=\count385
\lst@lostspace=\dimen296
\lst@width=\dimen297
\lst@newlines=\count386
\lst@lineno=\count387
\lst@maxwidth=\dimen298

(C:\Program Files\MiKTeX\tex/latex/listings\lstpatch.sty
File: lstpatch.sty 2025/11/14 1.11b (Carsten Heinz)
)
(C:\Program Files\MiKTeX\tex/latex/listings\lstmisc.sty
File: lstmisc.sty 2025/11/14 1.11b (Carsten Heinz)
\c@lstnumber=\count388
\lst@skipnumbers=\count389
\lst@framebox=\box133
)
(C:\Program Files\MiKTeX\tex/latex/listings\listings.cfg
File: listings.cfg 2025/11/14 1.11b listings configuration
))
Package: listings 2025/11/14 1.11b (Carsten Heinz)

==> First Aid for listings.sty no longer applied!
    Expected:
        2024/09/23 1.10c (Carsten Heinz)
    but found:
        2025/11/14 1.11b (Carsten Heinz)
    so I'm assuming it got fixed.
(C:\Program Files\MiKTeX\tex/latex/tcolorbox\tcblistingscore.code.tex
Library (tcolorbox): 'tcblistingscore.code.tex' version '6.8.0'
(C:\Program Files\MiKTeX\tex/latex/tcolorbox\tcbprocessing.code.tex
Library (tcolorbox): 'tcbprocessing.code.tex' version '6.8.0'
)
\c@tcblisting=\count390
)) (C:\Program Files\MiKTeX\tex/latex/listingsutf8\listingsutf8.sty
Package: listingsutf8 2019-12-10 v1.5 Allow UTF-8 in listings input (HO)

(C:\Program Files\MiKTeX\tex/generic/pdftexcmds\pdftexcmds.sty
Package: pdftexcmds 2020-06-27 v0.33 Utility functions of pdfTeX for LuaTeX (HO
)
Package pdftexcmds Info: \pdf@primitive is available.
Package pdftexcmds Info: \pdf@ifprimitive is available.
Package pdftexcmds Info: \pdfdraftmode found.
)
(C:\Program Files\MiKTeX\tex/generic/stringenc\stringenc.sty
Package: stringenc 2019/11/29 v1.12 Convert strings between diff. encodings (HO
)

(C:\Program Files\MiKTeX\tex/generic/pdfescape\pdfescape.sty
Package: pdfescape 2019/12/09 v1.15 Implements pdfTeX's escape features (HO)
))))
(C:\Program Files\MiKTeX\tex/latex/tcolorbox\tcbexternal.code.tex
Library (tcolorbox): 'tcbexternal.code.tex' version '6.8.0'
) (C:\Program Files\MiKTeX\tex/latex/tcolorbox\tcbmagazine.code.tex
Library (tcolorbox): 'tcbmagazine.code.tex' version '6.8.0'
) (C:\Program Files\MiKTeX\tex/latex/tcolorbox\tcbvignette.code.tex
Library (tcolorbox): 'tcbvignette.code.tex' version '6.8.0'

(C:\Program Files\MiKTeX\tex/generic/pgf/frontendlayer/tikz/libraries\tikzlibra
ryfadings.code.tex
File: tikzlibraryfadings.code.tex 2025-08-29 v3.1.11a (3.1.11a)

(C:\Program Files\MiKTeX\tex/generic/pgf/libraries\pgflibraryfadings.code.tex
File: pgflibraryfadings.code.tex 2025-08-29 v3.1.11a (3.1.11a)
))) (C:\Program Files\MiKTeX\tex/latex/tcolorbox\tcbposter.code.tex
Library (tcolorbox): 'tcbposter.code.tex' version '6.8.0'
)) (C:\Program Files\MiKTeX\tex/latex/textgreek\textgreek.sty
Package: textgreek 2011/10/09 v0.7 Greek symbols in text
Package textgreek Info: Loading the definitions for the Greek fontencoding. on 
input line 39.

(C:\Program Files\MiKTeX\tex/latex/greek-fontenc\lgrenc.def
File: lgrenc.def 2023-09-12 2.5 LGR Greek font encoding definitions
Now handling font encoding LGR ...
... processing UTF-8 mapping file for font encoding LGR

(C:\Program Files\MiKTeX\tex/latex/greek-inputenc\lgrenc.dfu
File: lgrenc.dfu 2023-03-21 1.9 UTF-8 support for Greek
   defining Unicode char U+00A8 (decimal 168)
   defining Unicode char U+00AB (decimal 171)
   defining Unicode char U+00AF (decimal 175)
   defining Unicode char U+00B4 (decimal 180)
   defining Unicode char U+00B7 (decimal 183)
   defining Unicode char U+00BB (decimal 187)
   defining Unicode char U+0259 (decimal 601)
   defining Unicode char U+02D8 (decimal 728)
   defining Unicode char U+0374 (decimal 884)
   defining Unicode char U+0375 (decimal 885)
   defining Unicode char U+037A (decimal 890)
   defining Unicode char U+037E (decimal 894)
   defining Unicode char U+0384 (decimal 900)
   defining Unicode char U+0385 (decimal 901)
   defining Unicode char U+0386 (decimal 902)
   defining Unicode char U+0387 (decimal 903)
   defining Unicode char U+0388 (decimal 904)
   defining Unicode char U+0389 (decimal 905)
   defining Unicode char U+038A (decimal 906)
   defining Unicode char U+038C (decimal 908)
   defining Unicode char U+038E (decimal 910)
   defining Unicode char U+038F (decimal 911)
   defining Unicode char U+0390 (decimal 912)
   defining Unicode char U+0391 (decimal 913)
   defining Unicode char U+0392 (decimal 914)
   defining Unicode char U+0393 (decimal 915)
   defining Unicode char U+0394 (decimal 916)
   defining Unicode char U+0395 (decimal 917)
   defining Unicode char U+0396 (decimal 918)
   defining Unicode char U+0397 (decimal 919)
   defining Unicode char U+0398 (decimal 920)
   defining Unicode char U+0399 (decimal 921)
   defining Unicode char U+039A (decimal 922)
   defining Unicode char U+039B (decimal 923)
   defining Unicode char U+039C (decimal 924)
   defining Unicode char U+039D (decimal 925)
   defining Unicode char U+039E (decimal 926)
   defining Unicode char U+039F (decimal 927)
   defining Unicode char U+03A0 (decimal 928)
   defining Unicode char U+03A1 (decimal 929)
   defining Unicode char U+03A3 (decimal 931)
   defining Unicode char U+03A4 (decimal 932)
   defining Unicode char U+03A5 (decimal 933)
   defining Unicode char U+03A6 (decimal 934)
   defining Unicode char U+03A7 (decimal 935)
   defining Unicode char U+03A8 (decimal 936)
   defining Unicode char U+03A9 (decimal 937)
   defining Unicode char U+03AA (decimal 938)
   defining Unicode char U+03AB (decimal 939)
   defining Unicode char U+03AC (decimal 940)
   defining Unicode char U+03AD (decimal 941)
   defining Unicode char U+03AE (decimal 942)
   defining Unicode char U+03AF (decimal 943)
   defining Unicode char U+03B0 (decimal 944)
   defining Unicode char U+03B1 (decimal 945)
   defining Unicode char U+03B2 (decimal 946)
   defining Unicode char U+03B3 (decimal 947)
   defining Unicode char U+03B4 (decimal 948)
   defining Unicode char U+03B5 (decimal 949)
   defining Unicode char U+03B6 (decimal 950)
   defining Unicode char U+03B7 (decimal 951)
   defining Unicode char U+03B8 (decimal 952)
   defining Unicode char U+03B9 (decimal 953)
   defining Unicode char U+03BA (decimal 954)
   defining Unicode char U+03BB (decimal 955)
   defining Unicode char U+03BC (decimal 956)
   defining Unicode char U+03BD (decimal 957)
   defining Unicode char U+03BE (decimal 958)
   defining Unicode char U+03BF (decimal 959)
   defining Unicode char U+03C0 (decimal 960)
   defining Unicode char U+03C1 (decimal 961)
   defining Unicode char U+03C2 (decimal 962)
   defining Unicode char U+03C3 (decimal 963)
   defining Unicode char U+03C4 (decimal 964)
   defining Unicode char U+03C5 (decimal 965)
   defining Unicode char U+03C6 (decimal 966)
   defining Unicode char U+03C7 (decimal 967)
   defining Unicode char U+03C8 (decimal 968)
   defining Unicode char U+03C9 (decimal 969)
   defining Unicode char U+03CA (decimal 970)
   defining Unicode char U+03CB (decimal 971)
   defining Unicode char U+03CC (decimal 972)
   defining Unicode char U+03CD (decimal 973)
   defining Unicode char U+03CE (decimal 974)
   defining Unicode char U+03D0 (decimal 976)
   defining Unicode char U+03D1 (decimal 977)
   defining Unicode char U+03D5 (decimal 981)
   defining Unicode char U+03D6 (decimal 982)
   defining Unicode char U+03D8 (decimal 984)
   defining Unicode char U+03D9 (decimal 985)
   defining Unicode char U+03DA (decimal 986)
   defining Unicode char U+03DB (decimal 987)
   defining Unicode char U+03DC (decimal 988)
   defining Unicode char U+03DD (decimal 989)
   defining Unicode char U+03DE (decimal 990)
   defining Unicode char U+03DF (decimal 991)
   defining Unicode char U+03E0 (decimal 992)
   defining Unicode char U+03E1 (decimal 993)
   defining Unicode char U+03F0 (decimal 1008)
   defining Unicode char U+03F1 (decimal 1009)
   defining Unicode char U+03F4 (decimal 1012)
   defining Unicode char U+03F5 (decimal 1013)
   defining Unicode char U+1F00 (decimal 7936)
   defining Unicode char U+1F01 (decimal 7937)
   defining Unicode char U+1F02 (decimal 7938)
   defining Unicode char U+1F03 (decimal 7939)
   defining Unicode char U+1F04 (decimal 7940)
   defining Unicode char U+1F05 (decimal 7941)
   defining Unicode char U+1F06 (decimal 7942)
   defining Unicode char U+1F07 (decimal 7943)
   defining Unicode char U+1F08 (decimal 7944)
   defining Unicode char U+1F09 (decimal 7945)
   defining Unicode char U+1F0A (decimal 7946)
   defining Unicode char U+1F0B (decimal 7947)
   defining Unicode char U+1F0C (decimal 7948)
   defining Unicode char U+1F0D (decimal 7949)
   defining Unicode char U+1F0E (decimal 7950)
   defining Unicode char U+1F0F (decimal 7951)
   defining Unicode char U+1F10 (decimal 7952)
   defining Unicode char U+1F11 (decimal 7953)
   defining Unicode char U+1F12 (decimal 7954)
   defining Unicode char U+1F13 (decimal 7955)
   defining Unicode char U+1F14 (decimal 7956)
   defining Unicode char U+1F15 (decimal 7957)
   defining Unicode char U+1F18 (decimal 7960)
   defining Unicode char U+1F19 (decimal 7961)
   defining Unicode char U+1F1A (decimal 7962)
   defining Unicode char U+1F1B (decimal 7963)
   defining Unicode char U+1F1C (decimal 7964)
   defining Unicode char U+1F1D (decimal 7965)
   defining Unicode char U+1F20 (decimal 7968)
   defining Unicode char U+1F21 (decimal 7969)
   defining Unicode char U+1F22 (decimal 7970)
   defining Unicode char U+1F23 (decimal 7971)
   defining Unicode char U+1F24 (decimal 7972)
   defining Unicode char U+1F25 (decimal 7973)
   defining Unicode char U+1F26 (decimal 7974)
   defining Unicode char U+1F27 (decimal 7975)
   defining Unicode char U+1F28 (decimal 7976)
   defining Unicode char U+1F29 (decimal 7977)
   defining Unicode char U+1F2A (decimal 7978)
   defining Unicode char U+1F2B (decimal 7979)
   defining Unicode char U+1F2C (decimal 7980)
   defining Unicode char U+1F2D (decimal 7981)
   defining Unicode char U+1F2E (decimal 7982)
   defining Unicode char U+1F2F (decimal 7983)
   defining Unicode char U+1F30 (decimal 7984)
   defining Unicode char U+1F31 (decimal 7985)
   defining Unicode char U+1F32 (decimal 7986)
   defining Unicode char U+1F33 (decimal 7987)
   defining Unicode char U+1F34 (decimal 7988)
   defining Unicode char U+1F35 (decimal 7989)
   defining Unicode char U+1F36 (decimal 7990)
   defining Unicode char U+1F37 (decimal 7991)
   defining Unicode char U+1F38 (decimal 7992)
   defining Unicode char U+1F39 (decimal 7993)
   defining Unicode char U+1F3A (decimal 7994)
   defining Unicode char U+1F3B (decimal 7995)
   defining Unicode char U+1F3C (decimal 7996)
   defining Unicode char U+1F3D (decimal 7997)
   defining Unicode char U+1F3E (decimal 7998)
   defining Unicode char U+1F3F (decimal 7999)
   defining Unicode char U+1F40 (decimal 8000)
   defining Unicode char U+1F41 (decimal 8001)
   defining Unicode char U+1F42 (decimal 8002)
   defining Unicode char U+1F43 (decimal 8003)
   defining Unicode char U+1F44 (decimal 8004)
   defining Unicode char U+1F45 (decimal 8005)
   defining Unicode char U+1F48 (decimal 8008)
   defining Unicode char U+1F49 (decimal 8009)
   defining Unicode char U+1F4A (decimal 8010)
   defining Unicode char U+1F4B (decimal 8011)
   defining Unicode char U+1F4C (decimal 8012)
   defining Unicode char U+1F4D (decimal 8013)
   defining Unicode char U+1F50 (decimal 8016)
   defining Unicode char U+1F51 (decimal 8017)
   defining Unicode char U+1F52 (decimal 8018)
   defining Unicode char U+1F53 (decimal 8019)
   defining Unicode char U+1F54 (decimal 8020)
   defining Unicode char U+1F55 (decimal 8021)
   defining Unicode char U+1F56 (decimal 8022)
   defining Unicode char U+1F57 (decimal 8023)
   defining Unicode char U+1F59 (decimal 8025)
   defining Unicode char U+1F5B (decimal 8027)
   defining Unicode char U+1F5D (decimal 8029)
   defining Unicode char U+1F5F (decimal 8031)
   defining Unicode char U+1F60 (decimal 8032)
   defining Unicode char U+1F61 (decimal 8033)
   defining Unicode char U+1F62 (decimal 8034)
   defining Unicode char U+1F63 (decimal 8035)
   defining Unicode char U+1F64 (decimal 8036)
   defining Unicode char U+1F65 (decimal 8037)
   defining Unicode char U+1F66 (decimal 8038)
   defining Unicode char U+1F67 (decimal 8039)
   defining Unicode char U+1F68 (decimal 8040)
   defining Unicode char U+1F69 (decimal 8041)
   defining Unicode char U+1F6A (decimal 8042)
   defining Unicode char U+1F6B (decimal 8043)
   defining Unicode char U+1F6C (decimal 8044)
   defining Unicode char U+1F6D (decimal 8045)
   defining Unicode char U+1F6E (decimal 8046)
   defining Unicode char U+1F6F (decimal 8047)
   defining Unicode char U+1F70 (decimal 8048)
   defining Unicode char U+1F71 (decimal 8049)
   defining Unicode char U+1F72 (decimal 8050)
   defining Unicode char U+1F73 (decimal 8051)
   defining Unicode char U+1F74 (decimal 8052)
   defining Unicode char U+1F75 (decimal 8053)
   defining Unicode char U+1F76 (decimal 8054)
   defining Unicode char U+1F77 (decimal 8055)
   defining Unicode char U+1F78 (decimal 8056)
   defining Unicode char U+1F79 (decimal 8057)
   defining Unicode char U+1F7A (decimal 8058)
   defining Unicode char U+1F7B (decimal 8059)
   defining Unicode char U+1F7C (decimal 8060)
   defining Unicode char U+1F7D (decimal 8061)
   defining Unicode char U+1F80 (decimal 8064)
   defining Unicode char U+1F81 (decimal 8065)
   defining Unicode char U+1F82 (decimal 8066)
   defining Unicode char U+1F83 (decimal 8067)
   defining Unicode char U+1F84 (decimal 8068)
   defining Unicode char U+1F85 (decimal 8069)
   defining Unicode char U+1F86 (decimal 8070)
   defining Unicode char U+1F87 (decimal 8071)
   defining Unicode char U+1F88 (decimal 8072)
   defining Unicode char U+1F89 (decimal 8073)
   defining Unicode char U+1F8A (decimal 8074)
   defining Unicode char U+1F8B (decimal 8075)
   defining Unicode char U+1F8C (decimal 8076)
   defining Unicode char U+1F8D (decimal 8077)
   defining Unicode char U+1F8E (decimal 8078)
   defining Unicode char U+1F8F (decimal 8079)
   defining Unicode char U+1F90 (decimal 8080)
   defining Unicode char U+1F91 (decimal 8081)
   defining Unicode char U+1F92 (decimal 8082)
   defining Unicode char U+1F93 (decimal 8083)
   defining Unicode char U+1F94 (decimal 8084)
   defining Unicode char U+1F95 (decimal 8085)
   defining Unicode char U+1F96 (decimal 8086)
   defining Unicode char U+1F97 (decimal 8087)
   defining Unicode char U+1F98 (decimal 8088)
   defining Unicode char U+1F99 (decimal 8089)
   defining Unicode char U+1F9A (decimal 8090)
   defining Unicode char U+1F9B (decimal 8091)
   defining Unicode char U+1F9C (decimal 8092)
   defining Unicode char U+1F9D (decimal 8093)
   defining Unicode char U+1F9E (decimal 8094)
   defining Unicode char U+1F9F (decimal 8095)
   defining Unicode char U+1FA0 (decimal 8096)
   defining Unicode char U+1FA1 (decimal 8097)
   defining Unicode char U+1FA2 (decimal 8098)
   defining Unicode char U+1FA3 (decimal 8099)
   defining Unicode char U+1FA4 (decimal 8100)
   defining Unicode char U+1FA5 (decimal 8101)
   defining Unicode char U+1FA6 (decimal 8102)
   defining Unicode char U+1FA7 (decimal 8103)
   defining Unicode char U+1FA8 (decimal 8104)
   defining Unicode char U+1FA9 (decimal 8105)
   defining Unicode char U+1FAA (decimal 8106)
   defining Unicode char U+1FAB (decimal 8107)
   defining Unicode char U+1FAC (decimal 8108)
   defining Unicode char U+1FAD (decimal 8109)
   defining Unicode char U+1FAE (decimal 8110)
   defining Unicode char U+1FAF (decimal 8111)
   defining Unicode char U+1FB0 (decimal 8112)
   defining Unicode char U+1FB1 (decimal 8113)
   defining Unicode char U+1FB2 (decimal 8114)
   defining Unicode char U+1FB3 (decimal 8115)
   defining Unicode char U+1FB4 (decimal 8116)
   defining Unicode char U+1FB6 (decimal 8118)
   defining Unicode char U+1FB7 (decimal 8119)
   defining Unicode char U+1FB8 (decimal 8120)
   defining Unicode char U+1FB9 (decimal 8121)
   defining Unicode char U+1FBA (decimal 8122)
   defining Unicode char U+1FBB (decimal 8123)
   defining Unicode char U+1FBC (decimal 8124)
   defining Unicode char U+1FBD (decimal 8125)
   defining Unicode char U+1FBE (decimal 8126)
   defining Unicode char U+1FBF (decimal 8127)
   defining Unicode char U+1FC0 (decimal 8128)
   defining Unicode char U+1FC1 (decimal 8129)
   defining Unicode char U+1FC2 (decimal 8130)
   defining Unicode char U+1FC3 (decimal 8131)
   defining Unicode char U+1FC4 (decimal 8132)
   defining Unicode char U+1FC6 (decimal 8134)
   defining Unicode char U+1FC7 (decimal 8135)
   defining Unicode char U+1FC8 (decimal 8136)
   defining Unicode char U+1FC9 (decimal 8137)
   defining Unicode char U+1FCA (decimal 8138)
   defining Unicode char U+1FCB (decimal 8139)
   defining Unicode char U+1FCC (decimal 8140)
   defining Unicode char U+1FCD (decimal 8141)
   defining Unicode char U+1FCE (decimal 8142)
   defining Unicode char U+1FCF (decimal 8143)
   defining Unicode char U+1FD0 (decimal 8144)
   defining Unicode char U+1FD1 (decimal 8145)
   defining Unicode char U+1FD2 (decimal 8146)
   defining Unicode char U+1FD3 (decimal 8147)
   defining Unicode char U+1FD6 (decimal 8150)
   defining Unicode char U+1FD7 (decimal 8151)
   defining Unicode char U+1FD8 (decimal 8152)
   defining Unicode char U+1FD9 (decimal 8153)
   defining Unicode char U+1FDA (decimal 8154)
   defining Unicode char U+1FDB (decimal 8155)
   defining Unicode char U+1FDD (decimal 8157)
   defining Unicode char U+1FDE (decimal 8158)
   defining Unicode char U+1FDF (decimal 8159)
   defining Unicode char U+1FE0 (decimal 8160)
   defining Unicode char U+1FE1 (decimal 8161)
   defining Unicode char U+1FE2 (decimal 8162)
   defining Unicode char U+1FE3 (decimal 8163)
   defining Unicode char U+1FE4 (decimal 8164)
   defining Unicode char U+1FE5 (decimal 8165)
   defining Unicode char U+1FE6 (decimal 8166)
   defining Unicode char U+1FE7 (decimal 8167)
   defining Unicode char U+1FE8 (decimal 8168)
   defining Unicode char U+1FE9 (decimal 8169)
   defining Unicode char U+1FEA (decimal 8170)
   defining Unicode char U+1FEB (decimal 8171)
   defining Unicode char U+1FEC (decimal 8172)
   defining Unicode char U+1FED (decimal 8173)
   defining Unicode char U+1FEE (decimal 8174)
   defining Unicode char U+1FEF (decimal 8175)
   defining Unicode char U+1FF2 (decimal 8178)
   defining Unicode char U+1FF3 (decimal 8179)
   defining Unicode char U+1FF4 (decimal 8180)
   defining Unicode char U+1FF6 (decimal 8182)
   defining Unicode char U+1FF7 (decimal 8183)
   defining Unicode char U+1FF8 (decimal 8184)
   defining Unicode char U+1FF9 (decimal 8185)
   defining Unicode char U+1FFA (decimal 8186)
   defining Unicode char U+1FFB (decimal 8187)
   defining Unicode char U+1FFC (decimal 8188)
   defining Unicode char U+1FFD (decimal 8189)
   defining Unicode char U+1FFE (decimal 8190)
   defining Unicode char U+2013 (decimal 8211)
   defining Unicode char U+2014 (decimal 8212)
   defining Unicode char U+2018 (decimal 8216)
   defining Unicode char U+2019 (decimal 8217)
   defining Unicode char U+201A (decimal 8218)
   defining Unicode char U+2030 (decimal 8240)
   defining Unicode char U+2039 (decimal 8249)
   defining Unicode char U+203A (decimal 8250)
   defining Unicode char U+20AC (decimal 8364)
   defining Unicode char U+2126 (decimal 8486)
   defining Unicode char U+10144 (decimal 65860)
   defining Unicode char U+10145 (decimal 65861)
   defining Unicode char U+10146 (decimal 65862)
   defining Unicode char U+10147 (decimal 65863)
)
(C:\Program Files\MiKTeX\tex/latex/greek-fontenc\greek-fontenc.def
File: greek-fontenc.def 2023-09-12 2.5 Common Greek font encoding definitions
LaTeX Encoding Info:    Ignoring declaration for text command \accACUTE (encodi
ng LGR) on input line 251.
LaTeX Encoding Info:    Ignoring declaration for text command \accGRAVE (encodi
ng LGR) on input line 259.
LaTeX Encoding Info:    Ignoring declaration for text command \accTILDE (encodi
ng LGR) on input line 267.
))
Package textgreek Info: Loaded fontmap: {eur/*/*}{U/eur/*/*} {phv/*/*}{U/psy/*/
*}. on input line 69.
)
(C:\Program Files\MiKTeX\tex/latex/svg\svg.sty
Package: svg 2020/11/26 v2.02k (include SVG pictures)

(C:\Program Files\MiKTeX\tex/latex/koma-script\scrbase.sty
Package: scrbase 2025/09/09 v3.48 KOMA-Script package (KOMA-Script-independent 
basics and keyval usage)

(C:\Program Files\MiKTeX\tex/latex/koma-script\scrlfile.sty
Package: scrlfile 2025/09/09 v3.48 KOMA-Script package (file load hooks)

(C:\Program Files\MiKTeX\tex/latex/koma-script\scrlfile-hook.sty
Package: scrlfile-hook 2025/09/09 v3.48 KOMA-Script package (using LaTeX hooks)


(C:\Program Files\MiKTeX\tex/latex/koma-script\scrlogo.sty
Package: scrlogo 2025/09/09 v3.48 KOMA-Script package (logo)
)))
Applying: [2021/05/01] Usage of raw or classic option list on input line 254.
Already applied: [0000/00/00] Usage of raw or classic option list on input line
 370.
)
(C:\Program Files\MiKTeX\tex/latex/tools\shellesc.sty
Package: shellesc 2023/07/08 v1.0d unified shell escape interface for LaTeX
Package shellesc Info: Unrestricted shell escape enabled on input line 75.
)
(C:\Program Files\MiKTeX\tex/latex/ifplatform\ifplatform.sty
Package: ifplatform 2017/10/13 v0.4a Testing for the operating system

(C:\Program Files\MiKTeX\tex/generic/catchfile\catchfile.sty
Package: catchfile 2019/12/09 v1.8 Catch the contents of a file (HO)

(C:\Program Files\MiKTeX\tex/generic/etexcmds\etexcmds.sty
Package: etexcmds 2019/12/15 v1.7 Avoid name clashes with e-TeX commands (HO)
)))
\c@svg@param@lastpage=\count391
\svg@box=\box134
\c@svg@param@currpage=\count392
)
(C:\Program Files\MiKTeX\tex/latex/transparent\transparent.sty
Package: transparent 2025-06-23 v1.6 Transparency with color stacks

(C:\Program Files\MiKTeX\tex/latex/transparent\transparent-nometadata.sty
Package: transparent-nometadata 2025-06-23 v1.6 Transparency via pdfTeX's color
 stack (HO)

(C:\Program Files\MiKTeX\tex/latex/auxhook\auxhook.sty
Package: auxhook 2019-12-17 v1.6 Hooks for auxiliary files (HO)
)))
(C:\Program Files\MiKTeX\tex/latex/caption\caption.sty
Package: caption 2023/08/05 v3.6o Customizing captions (AR)

(C:\Program Files\MiKTeX\tex/latex/caption\caption3.sty
Package: caption3 2023/07/31 v2.4d caption3 kernel (AR)
\caption@tempdima=\dimen299
\captionmargin=\dimen300
\caption@leftmargin=\dimen301
\caption@rightmargin=\dimen302
\caption@width=\dimen303
\caption@indent=\dimen304
\caption@parindent=\dimen305
\caption@hangindent=\dimen306
Package caption Info: Standard document class detected.
)
\c@caption@flags=\count393
\c@continuedfloat=\count394
Package caption Info: listings package is loaded.
)
(C:\Program Files\MiKTeX\tex/latex/graphics\rotating.sty
Package: rotating 2025/01/14 v2.16e rotated objects in LaTeX

(C:\Program Files\MiKTeX\tex/latex/base\ifthen.sty
Package: ifthen 2024/03/16 v1.1e Standard LaTeX ifthen package (DPC)
)
\c@r@tfl@t=\count395
\rotFPtop=\skip74
\rotFPbot=\skip75
\rot@float@box=\box135
\rot@mess@toks=\toks47
)
(C:\Program Files\MiKTeX\tex/latex/makecell\makecell.sty
Package: makecell 2009/08/03 V0.1e Managing of Tab Column Heads and Cells
\rotheadsize=\dimen307
\c@nlinenum=\count396
\TeXr@lab=\toks48
)
(C:\Program Files\MiKTeX\tex/latex/tex-gyre\tgbonum.sty
Package: tgbonum 2009/09/27 v1.2 TeX Gyre Bonum as default roman family

(C:\Program Files\MiKTeX\tex/latex/kvoptions\kvoptions.sty
Package: kvoptions 2022-06-15 v3.15 Key value format for package options (HO)

(C:\Program Files\MiKTeX\tex/latex/kvsetkeys\kvsetkeys.sty
Package: kvsetkeys 2022-10-05 v1.19 Key value parser (HO)
)))
(C:\Program Files\MiKTeX\tex/latex/base\fontenc.sty
Package: fontenc 2025/07/18 v2.1d Standard LaTeX package
LaTeX Font Info:    Trying to load font information for T1+qbk on input line 11
6.

(C:\Program Files\MiKTeX\tex/latex/tex-gyre\t1qbk.fd
File: t1qbk.fd 2009/09/25 v1.2 font definition file for T1/qbk
))
(C:\Program Files\MiKTeX\tex/latex/hyperref\hyperref.sty
Package: hyperref 2025-07-12 v7.01o Hypertext links for LaTeX

(C:\Program Files\MiKTeX\tex/generic/kvdefinekeys\kvdefinekeys.sty
Package: kvdefinekeys 2019-12-19 v1.6 Define keys (HO)
)
(C:\Program Files\MiKTeX\tex/latex/hycolor\hycolor.sty
Package: hycolor 2020-01-27 v1.10 Color options for hyperref/bookmark (HO)
)
(C:\Program Files\MiKTeX\tex/latex/hyperref\nameref.sty
Package: nameref 2025-06-21 v2.57 Cross-referencing by name of section

(C:\Program Files\MiKTeX\tex/latex/refcount\refcount.sty
Package: refcount 2019/12/15 v3.6 Data extraction from label references (HO)
)
(C:\Program Files\MiKTeX\tex/generic/gettitlestring\gettitlestring.sty
Package: gettitlestring 2019/12/15 v1.6 Cleanup title references (HO)
)
\c@section@level=\count397
)
\@linkdim=\dimen308
\Hy@linkcounter=\count398
\Hy@pagecounter=\count399

(C:\Program Files\MiKTeX\tex/latex/hyperref\pd1enc.def
File: pd1enc.def 2025-07-12 v7.01o Hyperref: PDFDocEncoding definition (HO)
Now handling font encoding PD1 ...
... no UTF-8 mapping file for font encoding PD1
)
(C:\Program Files\MiKTeX\tex/generic/intcalc\intcalc.sty
Package: intcalc 2019/12/15 v1.3 Expandable calculations with integers (HO)
)
\Hy@SavedSpaceFactor=\count400

(C:\Program Files\MiKTeX\tex/latex/hyperref\puenc.def
File: puenc.def 2025-07-12 v7.01o Hyperref: PDF Unicode definition (HO)
Now handling font encoding PU ...
... no UTF-8 mapping file for font encoding PU

(C:\Program Files\MiKTeX\tex/latex/greek-fontenc\puenc-greek.def
File: puenc-greek.def 2023-09-12 2.5 Greek LICRs for PDF strings

(C:\Program Files\MiKTeX\tex/latex/greek-fontenc\greek-fontenc.def
File: greek-fontenc.def 2023-09-12 2.5 Common Greek font encoding definitions
)
LaTeX Encoding Info:    Redeclaring text command \textmu (encoding PU) on input
 line 179.
)
LaTeX Encoding Info:    Redeclaring text command \textohm (encoding PU) on inpu
t line 1176.
)
Package hyperref Info: Hyper figures OFF on input line 4195.
Package hyperref Info: Link nesting OFF on input line 4200.
Package hyperref Info: Hyper index ON on input line 4203.
Package hyperref Info: Plain pages OFF on input line 4210.
Package hyperref Info: Backreferencing OFF on input line 4215.
Package hyperref Info: Implicit mode ON; LaTeX internals redefined.
Package hyperref Info: Bookmarks ON on input line 4462.
\c@Hy@tempcnt=\count401

(C:\Program Files\MiKTeX\tex/latex/url\url.sty
\Urlmuskip=\muskip20
Package: url 2013/09/16  ver 3.4  Verb mode for urls, etc.
)
LaTeX Info: Redefining \url on input line 4801.
\XeTeXLinkMargin=\dimen309

(C:\Program Files\MiKTeX\tex/generic/bitset\bitset.sty
Package: bitset 2019/12/09 v1.3 Handle bit-vector datatype (HO)

(C:\Program Files\MiKTeX\tex/generic/bigintcalc\bigintcalc.sty
Package: bigintcalc 2019/12/15 v1.5 Expandable calculations on big integers (HO
)
))
\Fld@menulength=\count402
\Field@Width=\dimen310
\Fld@charsize=\dimen311
Package hyperref Info: Hyper figures OFF on input line 6078.
Package hyperref Info: Link nesting OFF on input line 6083.
Package hyperref Info: Hyper index ON on input line 6086.
Package hyperref Info: backreferencing OFF on input line 6093.
Package hyperref Info: Link coloring OFF on input line 6098.
Package hyperref Info: Link coloring with OCG OFF on input line 6103.
Package hyperref Info: PDF/A mode OFF on input line 6108.
\Hy@abspage=\count403
\c@Item=\count404
\c@Hfootnote=\count405
)
Package hyperref Info: Driver (autodetected): hpdftex.

(C:\Program Files\MiKTeX\tex/latex/hyperref\hpdftex.def
File: hpdftex.def 2025-07-12 v7.01o Hyperref driver for pdfTeX
\Fld@listcount=\count406
\c@bookmark@seq@number=\count407

(C:\Program Files\MiKTeX\tex/latex/rerunfilecheck\rerunfilecheck.sty
Package: rerunfilecheck 2025-06-21 v1.11 Rerun checks for auxiliary files (HO)

(C:\Program Files\MiKTeX\tex/generic/uniquecounter\uniquecounter.sty
Package: uniquecounter 2019/12/15 v1.4 Provide unlimited unique counter (HO)
)
Package uniquecounter Info: New unique counter `rerunfilecheck' on input line 2
84.
)
\Hy@SectionHShift=\skip76
)
(C:\Program Files\MiKTeX\tex/latex/titlesec\titlesec.sty
Package: titlesec 2025/01/04 v2.17 Sectioning titles
\ttl@box=\box136
\beforetitleunit=\skip77
\aftertitleunit=\skip78
\ttl@plus=\dimen312
\ttl@minus=\dimen313
\ttl@toksa=\toks49
\titlewidth=\dimen314
\titlewidthlast=\dimen315
\titlewidthfirst=\dimen316
)
(C:\Program Files\MiKTeX\tex/generic/pgf/frontendlayer/tikz/libraries\tikzlibra
ryshapes.geometric.code.tex
File: tikzlibraryshapes.geometric.code.tex 2025-08-29 v3.1.11a (3.1.11a)

(C:\Program Files\MiKTeX\tex/generic/pgf/libraries/shapes\pgflibraryshapes.geom
etric.code.tex
File: pgflibraryshapes.geometric.code.tex 2025-08-29 v3.1.11a (3.1.11a)
))
(C:\Program Files\MiKTeX\tex/generic/pgf/frontendlayer/tikz/libraries\tikzlibra
rydecorations.pathmorphing.code.tex
(C:\Program Files\MiKTeX\tex/generic/pgf/frontendlayer/tikz/libraries\tikzlibra
rydecorations.code.tex
(C:\Program Files\MiKTeX\tex/generic/pgf/modules\pgfmoduledecorations.code.tex
\pgfdecoratedcompleteddistance=\dimen317
\pgfdecoratedremainingdistance=\dimen318
\pgfdecoratedinputsegmentcompleteddistance=\dimen319
\pgfdecoratedinputsegmentremainingdistance=\dimen320
\pgf@decorate@distancetomove=\dimen321
\pgf@decorate@repeatstate=\count408
\pgfdecorationsegmentamplitude=\dimen322
\pgfdecorationsegmentlength=\dimen323
)
\tikz@lib@dec@box=\box137
)
(C:\Program Files\MiKTeX\tex/generic/pgf/libraries/decorations\pgflibrarydecora
tions.pathmorphing.code.tex))
(C:\Program Files\MiKTeX\tex/generic/pgf/frontendlayer/tikz/libraries\tikzlibra
rycalc.code.tex
File: tikzlibrarycalc.code.tex 2025-08-29 v3.1.11a (3.1.11a)
)
(C:\Program Files\MiKTeX\tex/latex/tikzmark\tikzlibrarytikzmark.code.tex
File: tikzlibrarytikzmark.code.tex 2022/08/24 v1.15 TikZ library for marking po
sitions in a document

(C:\Program Files\MiKTeX\tex/latex/l3packages/xparse\xparse.sty
Package: xparse 2025-10-09 L3 Experimental document command parser
)
\l__sn_x_dim=\dimen324
\l__sn_y_dim=\dimen325
\l__sn_xa_dim=\dimen326
\l__sn_ya_dim=\dimen327
)
\currentfontsize=\skip79
\c@partpagedetector=\count409
\gammadodecsize=\skip80
\tgridsize=\skip81
\c@GRPdisadvdummy=\count410
\c@GRPdisadvsuccdum=\count411
\c@GRPtwelves=\count412
\currenttop=\skip82
\currentleft=\skip83
\currentright=\skip84
\currentbottom=\skip85
\currenthtop=\skip86
\currenthbase=\skip87
\extragradlength=\skip88
\currentengr=\skip89
\GRPspaceremaining=\skip90
\GRPcurrenttablewidth=\skip91
\c@grpcurrentrow=\count413
\c@grpvertline=\count414
\castcardcolwidth=\skip92
\c@GRPbgsvgID=\count415
\c@GRPbitecounter=\count416
\GammaRP1e@idxfile=\write4
\openout4 = `GammaRP1e.idx'.


Writing index file GammaRP1e.idx
) (GammaRP1e.aux (chapters/Introduction.aux) (chapters/TheBasics.aux)
(chapters/BuildingCharacter.aux) (chapters/Gameplay.aux) (chapters/Casts.aux)
(chapters/Augments.aux) (chapters/GammaNebulaOverview.aux)
(chapters/Physics.aux) (chapters/Races.aux) (chapters/MathematicalFormulas.aux)
)
\openout1 = `GammaRP1e.aux'.

LaTeX Font Info:    Checking defaults for OML/cmm/m/it on input line 25.
LaTeX Font Info:    ... okay on input line 25.
LaTeX Font Info:    Checking defaults for OMS/cmsy/m/n on input line 25.
LaTeX Font Info:    ... okay on input line 25.
LaTeX Font Info:    Checking defaults for OT1/cmr/m/n on input line 25.
LaTeX Font Info:    ... okay on input line 25.
LaTeX Font Info:    Checking defaults for T1/cmr/m/n on input line 25.
LaTeX Font Info:    ... okay on input line 25.
LaTeX Font Info:    Checking defaults for TS1/cmr/m/n on input line 25.
LaTeX Font Info:    ... okay on input line 25.
LaTeX Font Info:    Checking defaults for OMX/cmex/m/n on input line 25.
LaTeX Font Info:    ... okay on input line 25.
LaTeX Font Info:    Checking defaults for U/cmr/m/n on input line 25.
LaTeX Font Info:    ... okay on input line 25.
LaTeX Font Info:    Checking defaults for LGR/cmr/m/n on input line 25.
LaTeX Font Info:    Trying to load font information for LGR+cmr on input line 2
5.
 (C:\Program Files\MiKTeX\tex/latex/cbfonts-fd\lgrcmr.fd
File: lgrcmr.fd 2017/07/29 v1.2 Greek European Computer Regular
)
LaTeX Font Info:    ... okay on input line 25.
LaTeX Font Info:    Checking defaults for PD1/pdf/m/n on input line 25.
LaTeX Font Info:    ... okay on input line 25.
LaTeX Font Info:    Checking defaults for PU/pdf/m/n on input line 25.
LaTeX Font Info:    ... okay on input line 25.

*geometry* driver: auto-detecting
*geometry* detected driver: pdftex
*geometry* verbose mode - [ preamble ] result:
* driver: pdftex
* paper: custom
* layout: <same size as paper>
* layoutoffset:(h,v)=(0.0pt,0.0pt)
* modes: twoside 
* h-part:(L,W,R)=(54.2025pt, 415.5525pt, 36.135pt)
* v-part:(T,H,B)=(36.135pt, 650.43001pt, 36.135pt)
* \paperwidth=505.89pt
* \paperheight=722.7pt
* \textwidth=415.5525pt
* \textheight=650.43001pt
* \oddsidemargin=-18.06749pt
* \evensidemargin=-36.135pt
* \topmargin=-66.20248pt
* \headheight=12.0pt
* \headsep=18.06749pt
* \topskip=10.0pt
* \footskip=25.29494pt
* \marginparwidth=125.0pt
* \marginparsep=7.0pt
* \columnsep=18.06749pt
* \skip\footins=9.0pt plus 4.0pt minus 2.0pt
* \hoffset=0.0pt
* \voffset=0.0pt
* \mag=1000
* \@twocolumnfalse
* \@twosidetrue
* \@mparswitchtrue
* \@reversemarginfalse
* (1in=72.27pt=25.4mm, 1cm=28.453pt)

(C:\Program Files\MiKTeX\tex/context/base/mkii\supp-pdf.mkii
[Loading MPS to PDF converter (version 2006.09.02).]
\scratchcounter=\count417
\scratchdimen=\dimen328
\scratchbox=\box138
\nofMPsegments=\count418
\nofMParguments=\count419
\everyMPshowfont=\toks50
\MPscratchCnt=\count420
\MPscratchDim=\dimen329
\MPnumerator=\count421
\makeMPintoPDFobject=\count422
\everyMPtoPDFconversion=\toks51
) (C:\Program Files\MiKTeX\tex/latex/epstopdf-pkg\epstopdf-base.sty
Package: epstopdf-base 2020-01-24 v2.11 Base part for package epstopdf
Package epstopdf-base Info: Redefining graphics rule for `.eps' on input line 4
85.

(C:\Program Files\MiKTeX\tex/latex/00miktex\epstopdf-sys.cfg
File: epstopdf-sys.cfg 2021/03/18 v2.0 Configuration of epstopdf for MiKTeX
))
LaTeX Info: Redefining \celsius on input line 25.
Package gensymb Info: Faking symbols for \degree and \celsius on input line 25.



Package gensymb Warning: Not defining \perthousand.

LaTeX Info: Redefining \ohm on input line 25.
Package gensymb Info: Using \Omega for \ohm on input line 25.

Package gensymb Warning: Not defining \micro.

\c@lstlisting=\count423
(C:\Program Files\MiKTeX\tex/latex/base\inputenc.sty
Package: inputenc 2024/02/08 v1.3d Input encoding file
\inpenc@prehook=\toks52
\inpenc@posthook=\toks53
)
Package caption Info: Begin \AtBeginDocument code.
Package caption Info: hyperref package is loaded.
Package caption Info: rotating package is loaded.
Package caption Info: End \AtBeginDocument code.
Package hyperref Info: Link coloring OFF on input line 25.
 (GammaRP1e.out)
(GammaRP1e.out)
\@outlinefile=\write5
\openout5 = `GammaRP1e.out'.

Package svg Info: Last page of `./svg-inkscape/GammaRPTitleLogo_svg-tex.pdf' is
 1 on input line 30.
 (svg-inkscape/GammaRPTitleLogo_svg-tex.pdf_tex
<./svg-inkscape/GammaRPTitleLogo_svg-tex.pdf, id=323, page=1, 192.85394pt x 201
.496pt>
File: ./svg-inkscape/GammaRPTitleLogo_svg-tex.pdf Graphic file (type pdf)
<use ./svg-inkscape/GammaRPTitleLogo_svg-tex.pdf, page 1>
Package pdftex.def Info: ./svg-inkscape/GammaRPTitleLogo_svg-tex.pdf , page1 us
ed on input line 56.
(pdftex.def)             Requested size: 216.81pt x 226.53485pt.
)
Package svg Info: Last page of `./svg-inkscape/TitleBG_svg-tex.pdf' is 1 on inp
ut line 30.

(svg-inkscape/TitleBG_svg-tex.pdf_tex
<./svg-inkscape/TitleBG_svg-tex.pdf, id=325, page=1, 752.81262pt x 752.81262pt>

File: ./svg-inkscape/TitleBG_svg-tex.pdf Graphic file (type pdf)
<use ./svg-inkscape/TitleBG_svg-tex.pdf, page 1>
Package pdftex.def Info: ./svg-inkscape/TitleBG_svg-tex.pdf , page1 used on inp
ut line 56.
(pdftex.def)             Requested size: 722.7pt x 722.74934pt.
) [1


{C:/Users/nitin/AppData/Local/MiKTeX/fonts/map/pdftex/pdftex.map}{C:/Program Fi
les/MiKTeX/fonts/enc/dvips/tex-gyre/q-ec.enc} <./svg-inkscape/TitleBG_svg-tex.p
df> <./svg-inkscape/GammaRPTitleLogo_svg-tex.pdf

pdfTeX warning: pdflatex.exe (file ./svg-inkscape/GammaRPTitleLogo_svg-tex.pdf)
: PDF inclusion: multiple pdfs with page group included in a single page
>]
pdfTeX warning (ext4): destination with the same identifier (name{page.}) has b
een already used, duplicate ignored
<to be read again> 
                   \relax 
l.31 	\frontmatter
                   [2

] (GammaRP1e.toc [1

])
\tf@toc=\write6
\openout6 = `GammaRP1e.toc'.

 [2]
\openout2 = `chapters/Introduction.aux'.

 (chapters/Introduction.tex
Chapter 1.
LaTeX Font Info:    Trying to load font information for LGR+qbk on input line 3
.
LaTeX Font Info:    No file LGRqbk.fd. on input line 3.

LaTeX Font Warning: Font shape `LGR/qbk/m/n' undefined
(Font)              using `LGR/cmr/m/n' instead on input line 3.

) [1



] [2



] [3] [4]
\openout2 = `chapters/TheBasics.aux'.

 (chapters/TheBasics.tex
Chapter 2.
Package svg Info: Last page of `./svg-inkscape/twodice_svg-tex.pdf' is 1 on inp
ut line 9.
(svg-inkscape/twodice_svg-tex.pdf_tex
<./svg-inkscape/twodice_svg-tex.pdf, id=2607, page=1, 1111.38797pt x 904.86887p
t>
File: ./svg-inkscape/twodice_svg-tex.pdf Graphic file (type pdf)
<use ./svg-inkscape/twodice_svg-tex.pdf, page 1>
Package pdftex.def Info: ./svg-inkscape/twodice_svg-tex.pdf , page1 used on inp
ut line 56.
(pdftex.def)             Requested size: 69.9006pt x 56.89934pt.
)
Overfull \hbox (10.15195pt too wide) in paragraph at lines 12--12
|  []  []
 []

LaTeX Font Info:    Trying to load font information for TS1+qbk on input line 1
6.
(C:\Program Files\MiKTeX\tex/latex/tex-gyre\ts1qbk.fd
File: ts1qbk.fd 2009/09/25 v1.2 font definition file for TS1/qbk
)
Package svg Info: Last page of `./svg-inkscape/onedice_svg-tex.pdf' is 1 on inp
ut line 27.

(svg-inkscape/onedice_svg-tex.pdf_tex
<./svg-inkscape/onedice_svg-tex.pdf, id=2609, page=1, 1086.36443pt x 1019.55269
pt>
File: ./svg-inkscape/onedice_svg-tex.pdf Graphic file (type pdf)
<use ./svg-inkscape/onedice_svg-tex.pdf, page 1>
Package pdftex.def Info: ./svg-inkscape/onedice_svg-tex.pdf , page1 used on inp
ut line 56.
(pdftex.def)             Requested size: 42.44484pt x 39.82617pt.
)
Package svg Info: Last page of `./svg-inkscape/onedice_b_svg-tex.pdf' is 1 on i
nput line 31.
 (svg-inkscape/onedice_b_svg-tex.pdf_tex
<./svg-inkscape/onedice_b_svg-tex.pdf, id=2611, page=1, 1034.91122pt x 1037.043
33pt>
File: ./svg-inkscape/onedice_b_svg-tex.pdf Graphic file (type pdf)
<use ./svg-inkscape/onedice_b_svg-tex.pdf, page 1>
Package pdftex.def Info: ./svg-inkscape/onedice_b_svg-tex.pdf , page1 used on i
nput line 56.
(pdftex.def)             Requested size: 45.43565pt x 45.5256pt.
) [5


{C:/Program Files/MiKTeX/fonts/enc/dvips/tex-gyre/q-ts1.enc}{C:/Program Files/M
iKTeX/fonts/enc/dvips/tex-gyre/q-ec-sc.enc} <./svg-inkscape/twodice_svg-tex.pdf
> <./svg-inkscape/onedice_svg-tex.pdf

pdfTeX warning: pdflatex.exe (file ./svg-inkscape/onedice_svg-tex.pdf): PDF inc
lusion: multiple pdfs with page group included in a single page
> <./svg-inkscape/onedice_b_svg-tex.pdf

pdfTeX warning: pdflatex.exe (file ./svg-inkscape/onedice_b_svg-tex.pdf): PDF i
nclusion: multiple pdfs with page group included in a single page
>]
Underfull \hbox (badness 10000) in paragraph at lines 59--60
[]\T1/qbk/m/n/10 If $[] \OML/cmm/m/it/10 >
 []


Overfull \hbox (2.04079pt too wide) in paragraph at lines 91--91
 []|[]| 
 []


Overfull \hbox (1.46704pt too wide) in paragraph at lines 91--91
 []|[]| 
 []


Overfull \hbox (1.46704pt too wide) in paragraph at lines 91--91
 []|[]| 
 []


Overfull \hbox (1.46704pt too wide) in paragraph at lines 91--91
 []|[]| 
 []


Overfull \hbox (1.46704pt too wide) in paragraph at lines 91--91
 []|[]| 
 []


Overfull \hbox (1.46704pt too wide) in paragraph at lines 91--91
 []|[]| 
 []


Overfull \hbox (1.46704pt too wide) in paragraph at lines 91--91
 []|[]| 
 []


Overfull \hbox (1.13104pt too wide) in paragraph at lines 91--91
 []|[]| 
 []


Overfull \hbox (1.13104pt too wide) in paragraph at lines 91--91
 []|[]| 
 []


Overfull \hbox (1.13104pt too wide) in paragraph at lines 91--91
 []|[]| 
 []


Overfull \hbox (1.13104pt too wide) in paragraph at lines 91--91
 []|[]| 
 []


Overfull \hbox (1.13104pt too wide) in paragraph at lines 91--91
 []|[]| 
 []


Overfull \hbox (1.13104pt too wide) in paragraph at lines 91--91
 []|[]| 
 []


Overfull \hbox (1.13104pt too wide) in paragraph at lines 91--91
 []|[]| 
 []


Overfull \hbox (1.13104pt too wide) in paragraph at lines 91--91
 []|[]| 
 []


Overfull \hbox (0.7598pt too wide) in paragraph at lines 91--91
 []|[]| 
 []


Overfull \hbox (2.31404pt too wide) in paragraph at lines 91--91
 []|\T1/qbk/m/n/7 16.7%| 
 []


Overfull \hbox (2.31404pt too wide) in paragraph at lines 91--91
 []|\T1/qbk/m/n/7 25.0%| 
 []


Overfull \hbox (2.31404pt too wide) in paragraph at lines 91--91
 []|\T1/qbk/m/n/7 33.3%| 
 []


Overfull \hbox (2.31404pt too wide) in paragraph at lines 91--91
 []|\T1/qbk/m/n/7 41.7%| 
 []


Overfull \hbox (2.31404pt too wide) in paragraph at lines 91--91
 []|\T1/qbk/m/n/7 50.0%| 
 []


Overfull \hbox (2.31404pt too wide) in paragraph at lines 91--92
 []|\T1/qbk/m/n/7 58.3%| 
 []


Overfull \hbox (0.84029pt too wide) in paragraph at lines 92--92
 []|[]| 
 []


Overfull \hbox (2.31404pt too wide) in paragraph at lines 92--92
 []|\T1/qbk/m/n/7 15.3%| 
 []


Overfull \hbox (2.31404pt too wide) in paragraph at lines 92--92
 []|\T1/qbk/m/n/7 16.0%| 
 []


Overfull \hbox (2.31404pt too wide) in paragraph at lines 92--92
 []|\T1/qbk/m/n/7 16.0%| 
 []


Overfull \hbox (2.31404pt too wide) in paragraph at lines 92--92
 []|\T1/qbk/m/n/7 16.0%| 
 []


Overfull \hbox (2.31404pt too wide) in paragraph at lines 92--92
 []|\T1/qbk/m/n/7 30.6%| 
 []


Overfull \hbox (2.31404pt too wide) in paragraph at lines 92--92
 []|\T1/qbk/m/n/7 43.8%| 
 []


Overfull \hbox (2.31404pt too wide) in paragraph at lines 92--92
 []|\T1/qbk/m/n/7 55.6%| 
 []


Overfull \hbox (2.31404pt too wide) in paragraph at lines 92--92
 []|\T1/qbk/m/n/7 66.0%| 
 []


Overfull \hbox (2.31404pt too wide) in paragraph at lines 92--92
 []|\T1/qbk/m/n/7 75.0%| 
 []


Overfull \hbox (2.31404pt too wide) in paragraph at lines 92--93
 []|\T1/qbk/m/n/7 82.6%| 
 []


Overfull \hbox (0.7598pt too wide) in paragraph at lines 93--93
 []|[]| 
 []


Overfull \hbox (2.31404pt too wide) in paragraph at lines 93--93
 []|\T1/qbk/m/n/7 20.4%| 
 []


Overfull \hbox (2.31404pt too wide) in paragraph at lines 93--93
 []|\T1/qbk/m/n/7 21.6%| 
 []


Overfull \hbox (2.31404pt too wide) in paragraph at lines 93--93
 []|\T1/qbk/m/n/7 23.0%| 
 []


Overfull \hbox (2.31404pt too wide) in paragraph at lines 93--93
 []|\T1/qbk/m/n/7 23.0%| 
 []


Overfull \hbox (2.31404pt too wide) in paragraph at lines 93--93
 []|\T1/qbk/m/n/7 23.0%| 
 []


Overfull \hbox (2.31404pt too wide) in paragraph at lines 93--93
 []|\T1/qbk/m/n/7 42.1%| 
 []


Overfull \hbox (2.31404pt too wide) in paragraph at lines 93--93
 []|\T1/qbk/m/n/7 57.8%| 
 []


Overfull \hbox (2.31404pt too wide) in paragraph at lines 93--93
 []|\T1/qbk/m/n/7 70.4%| 
 []


Overfull \hbox (2.31404pt too wide) in paragraph at lines 93--93
 []|\T1/qbk/m/n/7 80.2%| 
 []


Overfull \hbox (2.31404pt too wide) in paragraph at lines 93--93
 []|\T1/qbk/m/n/7 87.5%| 
 []


Overfull \hbox (2.31404pt too wide) in paragraph at lines 93--94
 []|\T1/qbk/m/n/7 92.8%| 
 []


Overfull \hbox (0.91728pt too wide) in paragraph at lines 94--94
 []|[]| 
 []


Overfull \hbox (2.31404pt too wide) in paragraph at lines 94--94
 []|\T1/qbk/m/n/7 24.0%| 
 []


Overfull \hbox (2.31404pt too wide) in paragraph at lines 94--94
 []|\T1/qbk/m/n/7 25.7%| 
 []


Overfull \hbox (2.31404pt too wide) in paragraph at lines 94--94
 []|\T1/qbk/m/n/7 27.5%| 
 []


Overfull \hbox (2.31404pt too wide) in paragraph at lines 94--94
 []|\T1/qbk/m/n/7 29.4%| 
 []


Overfull \hbox (2.31404pt too wide) in paragraph at lines 94--94
 []|\T1/qbk/m/n/7 29.4%| 
 []


Overfull \hbox (2.31404pt too wide) in paragraph at lines 94--94
 []|\T1/qbk/m/n/7 29.4%| 
 []


Overfull \hbox (2.31404pt too wide) in paragraph at lines 94--94
 []|\T1/qbk/m/n/7 51.8%| 
 []


Overfull \hbox (2.31404pt too wide) in paragraph at lines 94--94
 []|\T1/qbk/m/n/7 68.4%| 
 []


Overfull \hbox (2.31404pt too wide) in paragraph at lines 94--94
 []|\T1/qbk/m/n/7 80.2%| 
 []


Overfull \hbox (2.31404pt too wide) in paragraph at lines 94--94
 []|\T1/qbk/m/n/7 88.4%| 
 []


Overfull \hbox (2.31404pt too wide) in paragraph at lines 94--94
 []|\T1/qbk/m/n/7 93.8%| 
 []


Overfull \hbox (2.31404pt too wide) in paragraph at lines 94--95
 []|\T1/qbk/m/n/7 97.0%| 
 []


Overfull \hbox (0.7598pt too wide) in paragraph at lines 95--95
 []|[]| 
 []


Overfull \hbox (2.31404pt too wide) in paragraph at lines 95--95
 []|\T1/qbk/m/n/7 26.4%| 
 []


Overfull \hbox (2.31404pt too wide) in paragraph at lines 95--95
 []|\T1/qbk/m/n/7 28.4%| 
 []


Overfull \hbox (2.31404pt too wide) in paragraph at lines 95--95
 []|\T1/qbk/m/n/7 30.5%| 
 []


Overfull \hbox (2.31404pt too wide) in paragraph at lines 95--95
 []|\T1/qbk/m/n/7 32.8%| 
 []


Overfull \hbox (2.31404pt too wide) in paragraph at lines 95--95
 []|\T1/qbk/m/n/7 35.3%| 
 []


Overfull \hbox (2.31404pt too wide) in paragraph at lines 95--95
 []|\T1/qbk/m/n/7 35.3%| 
 []


Overfull \hbox (2.31404pt too wide) in paragraph at lines 95--95
 []|\T1/qbk/m/n/7 35.3%| 
 []


Overfull \hbox (2.31404pt too wide) in paragraph at lines 95--95
 []|\T1/qbk/m/n/7 59.8%| 
 []


Overfull \hbox (2.31404pt too wide) in paragraph at lines 95--95
 []|\T1/qbk/m/n/7 76.3%| 
 []


Overfull \hbox (2.31404pt too wide) in paragraph at lines 95--95
 []|\T1/qbk/m/n/7 86.8%| 
 []


Overfull \hbox (2.31404pt too wide) in paragraph at lines 95--95
 []|\T1/qbk/m/n/7 93.2%| 
 []


Overfull \hbox (2.31404pt too wide) in paragraph at lines 95--95
 []|\T1/qbk/m/n/7 96.9%| 
 []


Overfull \hbox (2.31404pt too wide) in paragraph at lines 95--96
 []|\T1/qbk/m/n/7 98.7%| 
 []


Overfull \hbox (1.12729pt too wide) in paragraph at lines 96--96
 []|[]| 
 []


Overfull \hbox (2.31404pt too wide) in paragraph at lines 96--96
 []|\T1/qbk/m/n/7 27.9%| 
 []


Overfull \hbox (2.31404pt too wide) in paragraph at lines 96--96
 []|\T1/qbk/m/n/7 30.1%| 
 []


Overfull \hbox (2.31404pt too wide) in paragraph at lines 96--96
 []|\T1/qbk/m/n/7 32.5%| 
 []


Overfull \hbox (2.31404pt too wide) in paragraph at lines 96--96
 []|\T1/qbk/m/n/7 35.0%| 
 []


Overfull \hbox (2.31404pt too wide) in paragraph at lines 96--96
 []|\T1/qbk/m/n/7 37.7%| 
 []


Overfull \hbox (2.31404pt too wide) in paragraph at lines 96--96
 []|\T1/qbk/m/n/7 40.7%| 
 []


Overfull \hbox (2.31404pt too wide) in paragraph at lines 96--96
 []|\T1/qbk/m/n/7 40.7%| 
 []


Overfull \hbox (2.31404pt too wide) in paragraph at lines 96--96
 []|\T1/qbk/m/n/7 40.7%| 
 []


Overfull \hbox (2.31404pt too wide) in paragraph at lines 96--96
 []|\T1/qbk/m/n/7 66.5%| 
 []


Overfull \hbox (2.31404pt too wide) in paragraph at lines 96--96
 []|\T1/qbk/m/n/7 82.2%| 
 []


Overfull \hbox (2.31404pt too wide) in paragraph at lines 96--96
 []|\T1/qbk/m/n/7 91.2%| 
 []


Overfull \hbox (2.31404pt too wide) in paragraph at lines 96--96
 []|\T1/qbk/m/n/7 96.1%| 
 []


Overfull \hbox (2.31404pt too wide) in paragraph at lines 96--96
 []|\T1/qbk/m/n/7 98.4%| 
 []


Overfull \hbox (2.31404pt too wide) in paragraph at lines 96--97
 []|\T1/qbk/m/n/7 99.5%| 
 []


Overfull \hbox (10.15195pt too wide) in paragraph at lines 100--100
|  []  []
 []


Overfull \hbox (6.65273pt too wide) in paragraph at lines 106--106
|  []  []
 []

[6]
Overfull \hbox (6.65273pt too wide) in paragraph at lines 113--113
|  []  []
 []


Overfull \hbox (10.15195pt too wide) in paragraph at lines 120--120
|  []  []
 []


Overfull \hbox (5.0317pt too wide) in paragraph at lines 130--131
[]\T1/qbk/m/n/10 If $[] \OMS/cmsy/m/n/10 ^^U []$
 []


Underfull \hbox (badness 5878) in paragraph at lines 133--134
[]\T1/qbk/m/n/10 If you need to count the num-
 []


Underfull \hbox (badness 10000) in paragraph at lines 133--134
\T1/qbk/m/n/10 it is $[]\OML/cmm/m/it/10 =[]$
 []


Underfull \hbox (badness 10000) in paragraph at lines 139--139
\T1/qbk/m/n/10 the mud grows deeper
 []


Underfull \hbox (badness 10000) in paragraph at lines 139--139
\T1/qbk/m/n/10 and harder to trudge
 []


Underfull \hbox (badness 10000) in paragraph at lines 149--149
\T1/qbk/m/n/10 thick mud and al-most
 []

[7]
Underfull \hbox (badness 10000) in paragraph at lines 155--156
[]\T1/qbk/m/n/10 Persuading some-one that your
 []


Overfull \hbox (10.15195pt too wide) in paragraph at lines 160--160
|  []  []
 []

[8]
Overfull \hbox (10.15195pt too wide) in paragraph at lines 216--216
|  []  []
 []


Underfull \hbox (badness 10000) in paragraph at lines 237--237
\T1/qbk/m/n/10 Large Larry, with Bob
 []

[9]) [10]
\openout2 = `chapters/BuildingCharacter.aux'.

 (chapters/BuildingCharacter.tex
Chapter 3.

Overfull \hbox (10.15195pt too wide) in paragraph at lines 8--8
|  []  []
 []


Underfull \hbox (badness 10000) in paragraph at lines 44--45
[]\T1/qbk/m/n/10 6 points to dis-tribute among
 []


Underfull \hbox (badness 10000) in paragraph at lines 45--46
[]\T1/qbk/m/n/10 8 points to dis-tribute among
 []

[11




]
Underfull \vbox (badness 10000) has occurred while \output is active []

 [12]
Overfull \hbox (6.65273pt too wide) in paragraph at lines 128--128
|  []  []
 []

[13]
Package svg Info: Last page of `./svg-inkscape/ProxyGrid2_svg-tex.pdf' is 2 on 
input line 143.
 (svg-inkscape/ProxyGrid2_svg-tex.pdf_tex
<./svg-inkscape/ProxyGrid2_svg-tex.pdf, id=2713, page=1, 297.81435pt x 260.1439
8pt>
File: ./svg-inkscape/ProxyGrid2_svg-tex.pdf Graphic file (type pdf)
<use ./svg-inkscape/ProxyGrid2_svg-tex.pdf, page 1>
Package pdftex.def Info: ./svg-inkscape/ProxyGrid2_svg-tex.pdf , page1 used on 
input line 56.
(pdftex.def)             Requested size: 181.71233pt x 158.72728pt.
<./svg-inkscape/ProxyGrid2_svg-tex.pdf, id=2714, page=2, 297.81435pt x 260.1439
8pt>
File: ./svg-inkscape/ProxyGrid2_svg-tex.pdf Graphic file (type pdf)
<use ./svg-inkscape/ProxyGrid2_svg-tex.pdf, page 2>
Package pdftex.def Info: ./svg-inkscape/ProxyGrid2_svg-tex.pdf , page2 used on 
input line 59.
(pdftex.def)             Requested size: 181.71233pt x 158.72728pt.
)
Package svg Info: Last page of `./svg-inkscape/ProxyGrid4_svg-tex.pdf' is 1 on 
input line 148.

(svg-inkscape/ProxyGrid4_svg-tex.pdf_tex
<./svg-inkscape/ProxyGrid4_svg-tex.pdf, id=2716, page=1, 292.46968pt x 260.1439
8pt>
File: ./svg-inkscape/ProxyGrid4_svg-tex.pdf Graphic file (type pdf)
<use ./svg-inkscape/ProxyGrid4_svg-tex.pdf, page 1>
Package pdftex.def Info: ./svg-inkscape/ProxyGrid4_svg-tex.pdf , page1 used on 
input line 56.
(pdftex.def)             Requested size: 181.71233pt x 161.62498pt.
)
Overfull \hbox (6.65273pt too wide) in paragraph at lines 163--163
|  []  []
 []


Underfull \hbox (badness 10000) in paragraph at lines 174--175
[]\T1/qbk/m/n/10 Depleting 2 foun-da-tions ($[]$,
 []

[14 <./svg-inkscape/ProxyGrid2_svg-tex.pdf> <./svg-inkscape/ProxyGrid2_svg-tex.
pdf

pdfTeX warning: pdflatex.exe (file ./svg-inkscape/ProxyGrid2_svg-tex.pdf): PDF 
inclusion: multiple pdfs with page group included in a single page
> <./svg-inkscape/ProxyGrid4_svg-tex.pdf

pdfTeX warning: pdflatex.exe (file ./svg-inkscape/ProxyGrid4_svg-tex.pdf): PDF 
inclusion: multiple pdfs with page group included in a single page
>]
Overfull \hbox (10.15195pt too wide) in paragraph at lines 180--180
|  []  []
 []


Overfull \hbox (6.65273pt too wide) in paragraph at lines 188--188
|  []  []
 []


Overfull \hbox (10.15195pt too wide) in paragraph at lines 202--202
|  []  []
 []


Overfull \hbox (10.15195pt too wide) in paragraph at lines 208--208
|  []  []
 []

[15]
Overfull \hbox (10.15195pt too wide) in paragraph at lines 236--236
|  []  []
 []


LaTeX Warning: Reference `chap:loadout_options' on page 16 undefined on input l
ine 240.


Overfull \hbox (6.65273pt too wide) in paragraph at lines 244--244
|  []  []
 []

[16]
Overfull \hbox (6.65273pt too wide) in paragraph at lines 258--258
|  []  []
 []


Underfull \hbox (badness 10000) in paragraph at lines 262--263
[]$ \T1/qbk/m/n/10 by de-plet-ing their
 []


Overfull \hbox (6.65273pt too wide) in paragraph at lines 270--270
|  []  []
 []


Underfull \hbox (badness 6016) in paragraph at lines 274--275
[]\T1/qbk/m/n/10 Equipment is di-vided into ar-mor
 []


LaTeX Warning: Reference `sec:equipment' on page 17 undefined on input line 280
.

[17]
Overfull \hbox (6.65273pt too wide) in paragraph at lines 282--282
|  []  []
 []


Underfull \hbox (badness 6792) in paragraph at lines 286--287
\T1/qbk/m/n/10 turn-based) game-play how-ever many
 []


Overfull \hbox (10.15195pt too wide) in paragraph at lines 288--288
|  []  []
 []


Overfull \hbox (10.15195pt too wide) in paragraph at lines 307--307
|  []  []
 []

[18]
Overfull \hbox (10.15195pt too wide) in paragraph at lines 347--347
|  []  []
 []

[19]
Underfull \hbox (badness 10000) in paragraph at lines 355--356
[]\T1/qbk/m/n/10 Set your $[]$ to your
 []


Underfull \hbox (badness 5231) in paragraph at lines 362--363
[]\T1/qbk/m/n/10 Choose a num-ber of aug-ments
 []


Underfull \hbox (badness 10000) in paragraph at lines 362--363
\T1/qbk/m/n/10 less than or equal to your
 []

[20]
Package svg Info: Last page of `./svg-inkscape/Charsheet_svg-tex.pdf' is 40 on 
input line 367.
 (svg-inkscape/Charsheet_svg-tex.pdf_tex
<./svg-inkscape/Charsheet_svg-tex.pdf, id=2780, page=1, 505.89pt x 722.7pt>
File: ./svg-inkscape/Charsheet_svg-tex.pdf Graphic file (type pdf)
<use ./svg-inkscape/Charsheet_svg-tex.pdf, page 1>
Package pdftex.def Info: ./svg-inkscape/Charsheet_svg-tex.pdf , page1 used on i
nput line 56.
(pdftex.def)             Requested size: 505.92087pt x 722.75336pt.
<./svg-inkscape/Charsheet_svg-tex.pdf, id=2781, page=2, 505.89pt x 722.7pt>
File: ./svg-inkscape/Charsheet_svg-tex.pdf Graphic file (type pdf)
<use ./svg-inkscape/Charsheet_svg-tex.pdf, page 2>
Package pdftex.def Info: ./svg-inkscape/Charsheet_svg-tex.pdf , page2 used on i
nput line 58.
(pdftex.def)             Requested size: 505.92087pt x 722.75336pt.
<./svg-inkscape/Charsheet_svg-tex.pdf, id=2782, page=3, 505.89pt x 722.7pt>
File: ./svg-inkscape/Charsheet_svg-tex.pdf Graphic file (type pdf)
<use ./svg-inkscape/Charsheet_svg-tex.pdf, page 3>
Package pdftex.def Info: ./svg-inkscape/Charsheet_svg-tex.pdf , page3 used on i
nput line 60.
(pdftex.def)             Requested size: 505.92087pt x 722.75336pt.
<./svg-inkscape/Charsheet_svg-tex.pdf, id=2783, page=4, 505.89pt x 722.7pt>
File: ./svg-inkscape/Charsheet_svg-tex.pdf Graphic file (type pdf)
<use ./svg-inkscape/Charsheet_svg-tex.pdf, page 4>
Package pdftex.def Info: ./svg-inkscape/Charsheet_svg-tex.pdf , page4 used on i
nput line 62.
(pdftex.def)             Requested size: 505.92087pt x 722.75336pt.
<./svg-inkscape/Charsheet_svg-tex.pdf, id=2784, page=5, 505.89pt x 722.7pt>
File: ./svg-inkscape/Charsheet_svg-tex.pdf Graphic file (type pdf)
<use ./svg-inkscape/Charsheet_svg-tex.pdf, page 5>
Package pdftex.def Info: ./svg-inkscape/Charsheet_svg-tex.pdf , page5 used on i
nput line 64.
(pdftex.def)             Requested size: 505.92087pt x 722.75336pt.
<./svg-inkscape/Charsheet_svg-tex.pdf, id=2785, page=6, 505.89pt x 722.7pt>
File: ./svg-inkscape/Charsheet_svg-tex.pdf Graphic file (type pdf)
<use ./svg-inkscape/Charsheet_svg-tex.pdf, page 6>
Package pdftex.def Info: ./svg-inkscape/Charsheet_svg-tex.pdf , page6 used on i
nput line 66.
(pdftex.def)             Requested size: 505.92087pt x 722.75336pt.
<./svg-inkscape/Charsheet_svg-tex.pdf, id=2786, page=7, 505.89pt x 722.7pt>
File: ./svg-inkscape/Charsheet_svg-tex.pdf Graphic file (type pdf)
<use ./svg-inkscape/Charsheet_svg-tex.pdf, page 7>
Package pdftex.def Info: ./svg-inkscape/Charsheet_svg-tex.pdf , page7 used on i
nput line 68.
(pdftex.def)             Requested size: 505.92087pt x 722.75336pt.
<./svg-inkscape/Charsheet_svg-tex.pdf, id=2787, page=8, 505.89pt x 722.7pt>
File: ./svg-inkscape/Charsheet_svg-tex.pdf Graphic file (type pdf)
<use ./svg-inkscape/Charsheet_svg-tex.pdf, page 8>
Package pdftex.def Info: ./svg-inkscape/Charsheet_svg-tex.pdf , page8 used on i
nput line 74.
(pdftex.def)             Requested size: 505.92087pt x 722.75336pt.
<./svg-inkscape/Charsheet_svg-tex.pdf, id=2788, page=9, 505.89pt x 722.7pt>
File: ./svg-inkscape/Charsheet_svg-tex.pdf Graphic file (type pdf)
<use ./svg-inkscape/Charsheet_svg-tex.pdf, page 9>
Package pdftex.def Info: ./svg-inkscape/Charsheet_svg-tex.pdf , page9 used on i
nput line 80.
(pdftex.def)             Requested size: 505.92087pt x 722.75336pt.
<./svg-inkscape/Charsheet_svg-tex.pdf, id=2789, page=10, 505.89pt x 722.7pt>
File: ./svg-inkscape/Charsheet_svg-tex.pdf Graphic file (type pdf)
<use ./svg-inkscape/Charsheet_svg-tex.pdf, page 10>
Package pdftex.def Info: ./svg-inkscape/Charsheet_svg-tex.pdf , page10 used on 
input line 86.
(pdftex.def)             Requested size: 505.92087pt x 722.75336pt.
<./svg-inkscape/Charsheet_svg-tex.pdf, id=2790, page=11, 505.89pt x 722.7pt>
File: ./svg-inkscape/Charsheet_svg-tex.pdf Graphic file (type pdf)
<use ./svg-inkscape/Charsheet_svg-tex.pdf, page 11>
Package pdftex.def Info: ./svg-inkscape/Charsheet_svg-tex.pdf , page11 used on 
input line 92.
(pdftex.def)             Requested size: 505.92087pt x 722.75336pt.
<./svg-inkscape/Charsheet_svg-tex.pdf, id=2791, page=12, 505.89pt x 722.7pt>
File: ./svg-inkscape/Charsheet_svg-tex.pdf Graphic file (type pdf)
<use ./svg-inkscape/Charsheet_svg-tex.pdf, page 12>
Package pdftex.def Info: ./svg-inkscape/Charsheet_svg-tex.pdf , page12 used on 
input line 98.
(pdftex.def)             Requested size: 505.92087pt x 722.75336pt.
<./svg-inkscape/Charsheet_svg-tex.pdf, id=2792, page=13, 505.89pt x 722.7pt>
File: ./svg-inkscape/Charsheet_svg-tex.pdf Graphic file (type pdf)
<use ./svg-inkscape/Charsheet_svg-tex.pdf, page 13>
Package pdftex.def Info: ./svg-inkscape/Charsheet_svg-tex.pdf , page13 used on 
input line 104.
(pdftex.def)             Requested size: 505.92087pt x 722.75336pt.
<./svg-inkscape/Charsheet_svg-tex.pdf, id=2793, page=14, 505.89pt x 722.7pt>
File: ./svg-inkscape/Charsheet_svg-tex.pdf Graphic file (type pdf)
<use ./svg-inkscape/Charsheet_svg-tex.pdf, page 14>
Package pdftex.def Info: ./svg-inkscape/Charsheet_svg-tex.pdf , page14 used on 
input line 110.
(pdftex.def)             Requested size: 505.92087pt x 722.75336pt.
<./svg-inkscape/Charsheet_svg-tex.pdf, id=2794, page=15, 505.89pt x 722.7pt>
File: ./svg-inkscape/Charsheet_svg-tex.pdf Graphic file (type pdf)
<use ./svg-inkscape/Charsheet_svg-tex.pdf, page 15>
Package pdftex.def Info: ./svg-inkscape/Charsheet_svg-tex.pdf , page15 used on 
input line 116.
(pdftex.def)             Requested size: 505.92087pt x 722.75336pt.
<./svg-inkscape/Charsheet_svg-tex.pdf, id=2795, page=16, 505.89pt x 722.7pt>
File: ./svg-inkscape/Charsheet_svg-tex.pdf Graphic file (type pdf)
<use ./svg-inkscape/Charsheet_svg-tex.pdf, page 16>
Package pdftex.def Info: ./svg-inkscape/Charsheet_svg-tex.pdf , page16 used on 
input line 118.
(pdftex.def)             Requested size: 505.92087pt x 722.75336pt.
<./svg-inkscape/Charsheet_svg-tex.pdf, id=2796, page=17, 505.89pt x 722.7pt>
File: ./svg-inkscape/Charsheet_svg-tex.pdf Graphic file (type pdf)
<use ./svg-inkscape/Charsheet_svg-tex.pdf, page 17>
Package pdftex.def Info: ./svg-inkscape/Charsheet_svg-tex.pdf , page17 used on 
input line 125.
(pdftex.def)             Requested size: 505.92087pt x 722.75336pt.
<./svg-inkscape/Charsheet_svg-tex.pdf, id=2797, page=18, 505.89pt x 722.7pt>
File: ./svg-inkscape/Charsheet_svg-tex.pdf Graphic file (type pdf)
<use ./svg-inkscape/Charsheet_svg-tex.pdf, page 18>
Package pdftex.def Info: ./svg-inkscape/Charsheet_svg-tex.pdf , page18 used on 
input line 127.
(pdftex.def)             Requested size: 505.92087pt x 722.75336pt.
<./svg-inkscape/Charsheet_svg-tex.pdf, id=2798, page=19, 505.89pt x 722.7pt>
File: ./svg-inkscape/Charsheet_svg-tex.pdf Graphic file (type pdf)
<use ./svg-inkscape/Charsheet_svg-tex.pdf, page 19>
Package pdftex.def Info: ./svg-inkscape/Charsheet_svg-tex.pdf , page19 used on 
input line 129.
(pdftex.def)             Requested size: 505.92087pt x 722.75336pt.
<./svg-inkscape/Charsheet_svg-tex.pdf, id=2799, page=20, 505.89pt x 722.7pt>
File: ./svg-inkscape/Charsheet_svg-tex.pdf Graphic file (type pdf)
<use ./svg-inkscape/Charsheet_svg-tex.pdf, page 20>
Package pdftex.def Info: ./svg-inkscape/Charsheet_svg-tex.pdf , page20 used on 
input line 131.
(pdftex.def)             Requested size: 505.92087pt x 722.75336pt.
<./svg-inkscape/Charsheet_svg-tex.pdf, id=2800, page=21, 505.89pt x 722.7pt>
File: ./svg-inkscape/Charsheet_svg-tex.pdf Graphic file (type pdf)
<use ./svg-inkscape/Charsheet_svg-tex.pdf, page 21>
Package pdftex.def Info: ./svg-inkscape/Charsheet_svg-tex.pdf , page21 used on 
input line 133.
(pdftex.def)             Requested size: 505.92087pt x 722.75336pt.
<./svg-inkscape/Charsheet_svg-tex.pdf, id=2801, page=22, 505.89pt x 722.7pt>
File: ./svg-inkscape/Charsheet_svg-tex.pdf Graphic file (type pdf)
<use ./svg-inkscape/Charsheet_svg-tex.pdf, page 22>
Package pdftex.def Info: ./svg-inkscape/Charsheet_svg-tex.pdf , page22 used on 
input line 137.
(pdftex.def)             Requested size: 505.92087pt x 722.75336pt.
<./svg-inkscape/Charsheet_svg-tex.pdf, id=2802, page=23, 505.89pt x 722.7pt>
File: ./svg-inkscape/Charsheet_svg-tex.pdf Graphic file (type pdf)
<use ./svg-inkscape/Charsheet_svg-tex.pdf, page 23>
Package pdftex.def Info: ./svg-inkscape/Charsheet_svg-tex.pdf , page23 used on 
input line 144.
(pdftex.def)             Requested size: 505.92087pt x 722.75336pt.
<./svg-inkscape/Charsheet_svg-tex.pdf, id=2803, page=24, 505.89pt x 722.7pt>
File: ./svg-inkscape/Charsheet_svg-tex.pdf Graphic file (type pdf)
<use ./svg-inkscape/Charsheet_svg-tex.pdf, page 24>
Package pdftex.def Info: ./svg-inkscape/Charsheet_svg-tex.pdf , page24 used on 
input line 156.
(pdftex.def)             Requested size: 505.92087pt x 722.75336pt.
<./svg-inkscape/Charsheet_svg-tex.pdf, id=2804, page=25, 505.89pt x 722.7pt>
File: ./svg-inkscape/Charsheet_svg-tex.pdf Graphic file (type pdf)
<use ./svg-inkscape/Charsheet_svg-tex.pdf, page 25>
Package pdftex.def Info: ./svg-inkscape/Charsheet_svg-tex.pdf , page25 used on 
input line 158.
(pdftex.def)             Requested size: 505.92087pt x 722.75336pt.
<./svg-inkscape/Charsheet_svg-tex.pdf, id=2805, page=26, 505.89pt x 722.7pt>
File: ./svg-inkscape/Charsheet_svg-tex.pdf Graphic file (type pdf)
<use ./svg-inkscape/Charsheet_svg-tex.pdf, page 26>
Package pdftex.def Info: ./svg-inkscape/Charsheet_svg-tex.pdf , page26 used on 
input line 160.
(pdftex.def)             Requested size: 505.92087pt x 722.75336pt.
<./svg-inkscape/Charsheet_svg-tex.pdf, id=2806, page=27, 505.89pt x 722.7pt>
File: ./svg-inkscape/Charsheet_svg-tex.pdf Graphic file (type pdf)
<use ./svg-inkscape/Charsheet_svg-tex.pdf, page 27>
Package pdftex.def Info: ./svg-inkscape/Charsheet_svg-tex.pdf , page27 used on 
input line 162.
(pdftex.def)             Requested size: 505.92087pt x 722.75336pt.
<./svg-inkscape/Charsheet_svg-tex.pdf, id=2807, page=28, 505.89pt x 722.7pt>
File: ./svg-inkscape/Charsheet_svg-tex.pdf Graphic file (type pdf)
<use ./svg-inkscape/Charsheet_svg-tex.pdf, page 28>
Package pdftex.def Info: ./svg-inkscape/Charsheet_svg-tex.pdf , page28 used on 
input line 164.
(pdftex.def)             Requested size: 505.92087pt x 722.75336pt.
<./svg-inkscape/Charsheet_svg-tex.pdf, id=2808, page=29, 505.89pt x 722.7pt>
File: ./svg-inkscape/Charsheet_svg-tex.pdf Graphic file (type pdf)
<use ./svg-inkscape/Charsheet_svg-tex.pdf, page 29>
Package pdftex.def Info: ./svg-inkscape/Charsheet_svg-tex.pdf , page29 used on 
input line 168.
(pdftex.def)             Requested size: 505.92087pt x 722.75336pt.
<./svg-inkscape/Charsheet_svg-tex.pdf, id=2809, page=30, 505.89pt x 722.7pt>
File: ./svg-inkscape/Charsheet_svg-tex.pdf Graphic file (type pdf)
<use ./svg-inkscape/Charsheet_svg-tex.pdf, page 30>
Package pdftex.def Info: ./svg-inkscape/Charsheet_svg-tex.pdf , page30 used on 
input line 174.
(pdftex.def)             Requested size: 505.92087pt x 722.75336pt.
<./svg-inkscape/Charsheet_svg-tex.pdf, id=2810, page=31, 505.89pt x 722.7pt>
File: ./svg-inkscape/Charsheet_svg-tex.pdf Graphic file (type pdf)
<use ./svg-inkscape/Charsheet_svg-tex.pdf, page 31>
Package pdftex.def Info: ./svg-inkscape/Charsheet_svg-tex.pdf , page31 used on 
input line 176.
(pdftex.def)             Requested size: 505.92087pt x 722.75336pt.
<./svg-inkscape/Charsheet_svg-tex.pdf, id=2811, page=32, 505.89pt x 722.7pt>
File: ./svg-inkscape/Charsheet_svg-tex.pdf Graphic file (type pdf)
<use ./svg-inkscape/Charsheet_svg-tex.pdf, page 32>
Package pdftex.def Info: ./svg-inkscape/Charsheet_svg-tex.pdf , page32 used on 
input line 178.
(pdftex.def)             Requested size: 505.92087pt x 722.75336pt.
<./svg-inkscape/Charsheet_svg-tex.pdf, id=2812, page=33, 505.89pt x 722.7pt>
File: ./svg-inkscape/Charsheet_svg-tex.pdf Graphic file (type pdf)
<use ./svg-inkscape/Charsheet_svg-tex.pdf, page 33>
Package pdftex.def Info: ./svg-inkscape/Charsheet_svg-tex.pdf , page33 used on 
input line 181.
(pdftex.def)             Requested size: 505.92087pt x 722.75336pt.
<./svg-inkscape/Charsheet_svg-tex.pdf, id=2813, page=34, 505.89pt x 722.7pt>
File: ./svg-inkscape/Charsheet_svg-tex.pdf Graphic file (type pdf)
<use ./svg-inkscape/Charsheet_svg-tex.pdf, page 34>
Package pdftex.def Info: ./svg-inkscape/Charsheet_svg-tex.pdf , page34 used on 
input line 184.
(pdftex.def)             Requested size: 505.92087pt x 722.75336pt.
<./svg-inkscape/Charsheet_svg-tex.pdf, id=2814, page=35, 505.89pt x 722.7pt>
File: ./svg-inkscape/Charsheet_svg-tex.pdf Graphic file (type pdf)
<use ./svg-inkscape/Charsheet_svg-tex.pdf, page 35>
Package pdftex.def Info: ./svg-inkscape/Charsheet_svg-tex.pdf , page35 used on 
input line 187.
(pdftex.def)             Requested size: 505.92087pt x 722.75336pt.
<./svg-inkscape/Charsheet_svg-tex.pdf, id=2815, page=36, 505.89pt x 722.7pt>
File: ./svg-inkscape/Charsheet_svg-tex.pdf Graphic file (type pdf)
<use ./svg-inkscape/Charsheet_svg-tex.pdf, page 36>
Package pdftex.def Info: ./svg-inkscape/Charsheet_svg-tex.pdf , page36 used on 
input line 190.
(pdftex.def)             Requested size: 505.92087pt x 722.75336pt.
<./svg-inkscape/Charsheet_svg-tex.pdf, id=2816, page=37, 505.89pt x 722.7pt>
File: ./svg-inkscape/Charsheet_svg-tex.pdf Graphic file (type pdf)
<use ./svg-inkscape/Charsheet_svg-tex.pdf, page 37>
Package pdftex.def Info: ./svg-inkscape/Charsheet_svg-tex.pdf , page37 used on 
input line 193.
(pdftex.def)             Requested size: 505.92087pt x 722.75336pt.
<./svg-inkscape/Charsheet_svg-tex.pdf, id=2817, page=38, 505.89pt x 722.7pt>
File: ./svg-inkscape/Charsheet_svg-tex.pdf Graphic file (type pdf)
<use ./svg-inkscape/Charsheet_svg-tex.pdf, page 38>
Package pdftex.def Info: ./svg-inkscape/Charsheet_svg-tex.pdf , page38 used on 
input line 196.
(pdftex.def)             Requested size: 505.92087pt x 722.75336pt.
<./svg-inkscape/Charsheet_svg-tex.pdf, id=2818, page=39, 505.89pt x 722.7pt>
File: ./svg-inkscape/Charsheet_svg-tex.pdf Graphic file (type pdf)
<use ./svg-inkscape/Charsheet_svg-tex.pdf, page 39>
Package pdftex.def Info: ./svg-inkscape/Charsheet_svg-tex.pdf , page39 used on 
input line 199.
(pdftex.def)             Requested size: 505.92087pt x 722.75336pt.
<./svg-inkscape/Charsheet_svg-tex.pdf, id=2819, page=40, 505.89pt x 722.7pt>
File: ./svg-inkscape/Charsheet_svg-tex.pdf Graphic file (type pdf)
<use ./svg-inkscape/Charsheet_svg-tex.pdf, page 40>
Package pdftex.def Info: ./svg-inkscape/Charsheet_svg-tex.pdf , page40 used on 
input line 202.
(pdftex.def)             Requested size: 505.92087pt x 722.75336pt.
) [21 <./svg-inkscape/Charsheet_svg-tex.pdf> <./svg-inkscape/Charsheet_svg-tex.
pdf

pdfTeX warning: pdflatex.exe (file ./svg-inkscape/Charsheet_svg-tex.pdf): PDF i
nclusion: multiple pdfs with page group included in a single page
> <./svg-inkscape/Charsheet_svg-tex.pdf

pdfTeX warning: pdflatex.exe (file ./svg-inkscape/Charsheet_svg-tex.pdf): PDF i
nclusion: multiple pdfs with page group included in a single page
> <./svg-inkscape/Charsheet_svg-tex.pdf

pdfTeX warning: pdflatex.exe (file ./svg-inkscape/Charsheet_svg-tex.pdf): PDF i
nclusion: multiple pdfs with page group included in a single page
> <./svg-inkscape/Charsheet_svg-tex.pdf

pdfTeX warning: pdflatex.exe (file ./svg-inkscape/Charsheet_svg-tex.pdf): PDF i
nclusion: multiple pdfs with page group included in a single page
> <./svg-inkscape/Charsheet_svg-tex.pdf

pdfTeX warning: pdflatex.exe (file ./svg-inkscape/Charsheet_svg-tex.pdf): PDF i
nclusion: multiple pdfs with page group included in a single page
> <./svg-inkscape/Charsheet_svg-tex.pdf

pdfTeX warning: pdflatex.exe (file ./svg-inkscape/Charsheet_svg-tex.pdf): PDF i
nclusion: multiple pdfs with page group included in a single page
> <./svg-inkscape/Charsheet_svg-tex.pdf

pdfTeX warning: pdflatex.exe (file ./svg-inkscape/Charsheet_svg-tex.pdf): PDF i
nclusion: multiple pdfs with page group included in a single page
> <./svg-inkscape/Charsheet_svg-tex.pdf

pdfTeX warning: pdflatex.exe (file ./svg-inkscape/Charsheet_svg-tex.pdf): PDF i
nclusion: multiple pdfs with page group included in a single page
> <./svg-inkscape/Charsheet_svg-tex.pdf

pdfTeX warning: pdflatex.exe (file ./svg-inkscape/Charsheet_svg-tex.pdf): PDF i
nclusion: multiple pdfs with page group included in a single page
> <./svg-inkscape/Charsheet_svg-tex.pdf

pdfTeX warning: pdflatex.exe (file ./svg-inkscape/Charsheet_svg-tex.pdf): PDF i
nclusion: multiple pdfs with page group included in a single page
> <./svg-inkscape/Charsheet_svg-tex.pdf

pdfTeX warning: pdflatex.exe (file ./svg-inkscape/Charsheet_svg-tex.pdf): PDF i
nclusion: multiple pdfs with page group included in a single page
> <./svg-inkscape/Charsheet_svg-tex.pdf

pdfTeX warning: pdflatex.exe (file ./svg-inkscape/Charsheet_svg-tex.pdf): PDF i
nclusion: multiple pdfs with page group included in a single page
> <./svg-inkscape/Charsheet_svg-tex.pdf

pdfTeX warning: pdflatex.exe (file ./svg-inkscape/Charsheet_svg-tex.pdf): PDF i
nclusion: multiple pdfs with page group included in a single page
> <./svg-inkscape/Charsheet_svg-tex.pdf

pdfTeX warning: pdflatex.exe (file ./svg-inkscape/Charsheet_svg-tex.pdf): PDF i
nclusion: multiple pdfs with page group included in a single page
> <./svg-inkscape/Charsheet_svg-tex.pdf

pdfTeX warning: pdflatex.exe (file ./svg-inkscape/Charsheet_svg-tex.pdf): PDF i
nclusion: multiple pdfs with page group included in a single page
> <./svg-inkscape/Charsheet_svg-tex.pdf

pdfTeX warning: pdflatex.exe (file ./svg-inkscape/Charsheet_svg-tex.pdf): PDF i
nclusion: multiple pdfs with page group included in a single page
> <./svg-inkscape/Charsheet_svg-tex.pdf

pdfTeX warning: pdflatex.exe (file ./svg-inkscape/Charsheet_svg-tex.pdf): PDF i
nclusion: multiple pdfs with page group included in a single page
> <./svg-inkscape/Charsheet_svg-tex.pdf

pdfTeX warning: pdflatex.exe (file ./svg-inkscape/Charsheet_svg-tex.pdf): PDF i
nclusion: multiple pdfs with page group included in a single page
> <./svg-inkscape/Charsheet_svg-tex.pdf

pdfTeX warning: pdflatex.exe (file ./svg-inkscape/Charsheet_svg-tex.pdf): PDF i
nclusion: multiple pdfs with page group included in a single page
> <./svg-inkscape/Charsheet_svg-tex.pdf

pdfTeX warning: pdflatex.exe (file ./svg-inkscape/Charsheet_svg-tex.pdf): PDF i
nclusion: multiple pdfs with page group included in a single page
> <./svg-inkscape/Charsheet_svg-tex.pdf

pdfTeX warning: pdflatex.exe (file ./svg-inkscape/Charsheet_svg-tex.pdf): PDF i
nclusion: multiple pdfs with page group included in a single page
> <./svg-inkscape/Charsheet_svg-tex.pdf

pdfTeX warning: pdflatex.exe (file ./svg-inkscape/Charsheet_svg-tex.pdf): PDF i
nclusion: multiple pdfs with page group included in a single page
> <./svg-inkscape/Charsheet_svg-tex.pdf

pdfTeX warning: pdflatex.exe (file ./svg-inkscape/Charsheet_svg-tex.pdf): PDF i
nclusion: multiple pdfs with page group included in a single page
> <./svg-inkscape/Charsheet_svg-tex.pdf

pdfTeX warning: pdflatex.exe (file ./svg-inkscape/Charsheet_svg-tex.pdf): PDF i
nclusion: multiple pdfs with page group included in a single page
> <./svg-inkscape/Charsheet_svg-tex.pdf

pdfTeX warning: pdflatex.exe (file ./svg-inkscape/Charsheet_svg-tex.pdf): PDF i
nclusion: multiple pdfs with page group included in a single page
> <./svg-inkscape/Charsheet_svg-tex.pdf

pdfTeX warning: pdflatex.exe (file ./svg-inkscape/Charsheet_svg-tex.pdf): PDF i
nclusion: multiple pdfs with page group included in a single page
> <./svg-inkscape/Charsheet_svg-tex.pdf

pdfTeX warning: pdflatex.exe (file ./svg-inkscape/Charsheet_svg-tex.pdf): PDF i
nclusion: multiple pdfs with page group included in a single page
> <./svg-inkscape/Charsheet_svg-tex.pdf

pdfTeX warning: pdflatex.exe (file ./svg-inkscape/Charsheet_svg-tex.pdf): PDF i
nclusion: multiple pdfs with page group included in a single page
> <./svg-inkscape/Charsheet_svg-tex.pdf

pdfTeX warning: pdflatex.exe (file ./svg-inkscape/Charsheet_svg-tex.pdf): PDF i
nclusion: multiple pdfs with page group included in a single page
> <./svg-inkscape/Charsheet_svg-tex.pdf

pdfTeX warning: pdflatex.exe (file ./svg-inkscape/Charsheet_svg-tex.pdf): PDF i
nclusion: multiple pdfs with page group included in a single page
> <./svg-inkscape/Charsheet_svg-tex.pdf

pdfTeX warning: pdflatex.exe (file ./svg-inkscape/Charsheet_svg-tex.pdf): PDF i
nclusion: multiple pdfs with page group included in a single page
> <./svg-inkscape/Charsheet_svg-tex.pdf

pdfTeX warning: pdflatex.exe (file ./svg-inkscape/Charsheet_svg-tex.pdf): PDF i
nclusion: multiple pdfs with page group included in a single page
> <./svg-inkscape/Charsheet_svg-tex.pdf

pdfTeX warning: pdflatex.exe (file ./svg-inkscape/Charsheet_svg-tex.pdf): PDF i
nclusion: multiple pdfs with page group included in a single page
> <./svg-inkscape/Charsheet_svg-tex.pdf

pdfTeX warning: pdflatex.exe (file ./svg-inkscape/Charsheet_svg-tex.pdf): PDF i
nclusion: multiple pdfs with page group included in a single page
> <./svg-inkscape/Charsheet_svg-tex.pdf

pdfTeX warning: pdflatex.exe (file ./svg-inkscape/Charsheet_svg-tex.pdf): PDF i
nclusion: multiple pdfs with page group included in a single page
> <./svg-inkscape/Charsheet_svg-tex.pdf

pdfTeX warning: pdflatex.exe (file ./svg-inkscape/Charsheet_svg-tex.pdf): PDF i
nclusion: multiple pdfs with page group included in a single page
> <./svg-inkscape/Charsheet_svg-tex.pdf

pdfTeX warning: pdflatex.exe (file ./svg-inkscape/Charsheet_svg-tex.pdf): PDF i
nclusion: multiple pdfs with page group included in a single page
> <./svg-inkscape/Charsheet_svg-tex.pdf

pdfTeX warning: pdflatex.exe (file ./svg-inkscape/Charsheet_svg-tex.pdf): PDF i
nclusion: multiple pdfs with page group included in a single page
> <./svg-inkscape/Charsheet_svg-tex.pdf

pdfTeX warning: pdflatex.exe (file ./svg-inkscape/Charsheet_svg-tex.pdf): PDF i
nclusion: multiple pdfs with page group included in a single page
>])
\openout2 = `chapters/Gameplay.aux'.

 (chapters/Gameplay.tex [22




]
Chapter 4.

Overfull \hbox (10.15195pt too wide) in paragraph at lines 5--5
|  []  []
 []

[23] [24]
Overfull \hbox (6.65273pt too wide) in paragraph at lines 74--74
|  []  []
 []


Overfull \hbox (6.65273pt too wide) in paragraph at lines 94--94
|  []  []
 []


Overfull \hbox (6.65273pt too wide) in paragraph at lines 100--100
|  []  []
 []


Overfull \vbox (2.63307pt too high) has occurred while \output is active []


Overfull \vbox (20.79349pt too high) has occurred while \output is active []


[25] [26]
Overfull \hbox (10.15195pt too wide) in paragraph at lines 160--160
|  []  []
 []

[27]
Overfull \hbox (6.65273pt too wide) in paragraph at lines 170--170
|  []  []
 []

Package svg Info: Last page of `./svg-inkscape/ExampleRoom_svg-tex.pdf' is 1 on
 input line 185.
(svg-inkscape/ExampleRoom_svg-tex.pdf_tex
<./svg-inkscape/ExampleRoom_svg-tex.pdf, id=2881, page=1, 216.40616pt x 119.666
8pt>
File: ./svg-inkscape/ExampleRoom_svg-tex.pdf Graphic file (type pdf)
<use ./svg-inkscape/ExampleRoom_svg-tex.pdf, page 1>
Package pdftex.def Info: ./svg-inkscape/ExampleRoom_svg-tex.pdf , page1 used on
 input line 56.
(pdftex.def)             Requested size: 165.73738pt x 91.65434pt.
)
Package svg Info: Last page of `./svg-inkscape/CoverSymbol_svg-tex.pdf' is 1 on
 input line 193.

(svg-inkscape/CoverSymbol_svg-tex.pdf_tex
<./svg-inkscape/CoverSymbol_svg-tex.pdf, id=2883, page=1, 190.7987pt x 126.5418
9pt>
File: ./svg-inkscape/CoverSymbol_svg-tex.pdf Graphic file (type pdf)
<use ./svg-inkscape/CoverSymbol_svg-tex.pdf, page 1>
Package pdftex.def Info: ./svg-inkscape/CoverSymbol_svg-tex.pdf , page1 used on
 input line 56.
(pdftex.def)             Requested size: 99.44344pt x 65.95276pt.
)
Package svg Info: Last page of `./svg-inkscape/ExampleArena_svg-tex.pdf' is 2 o
n input line 201.

(svg-inkscape/ExampleArena_svg-tex.pdf_tex
<./svg-inkscape/ExampleArena_svg-tex.pdf, id=2885, page=1, 603.12418pt x 248.58
293pt>
File: ./svg-inkscape/ExampleArena_svg-tex.pdf Graphic file (type pdf)
<use ./svg-inkscape/ExampleArena_svg-tex.pdf, page 1>
Package pdftex.def Info: ./svg-inkscape/ExampleArena_svg-tex.pdf , page1 used o
n input line 56.
(pdftex.def)             Requested size: 382.54738pt x 157.67772pt.
<./svg-inkscape/ExampleArena_svg-tex.pdf, id=2886, page=2, 603.12418pt x 248.58
293pt>
File: ./svg-inkscape/ExampleArena_svg-tex.pdf Graphic file (type pdf)
<use ./svg-inkscape/ExampleArena_svg-tex.pdf, page 2>
Package pdftex.def Info: ./svg-inkscape/ExampleArena_svg-tex.pdf , page2 used o
n input line 63.
(pdftex.def)             Requested size: 382.54738pt x 157.67772pt.
)
Underfull \vbox (badness 10000) has occurred while \output is active []

 [28 <./svg-inkscape/ExampleRoom_svg-tex.pdf> <./svg-inkscape/CoverSymbol_svg-t
ex.pdf

pdfTeX warning: pdflatex.exe (file ./svg-inkscape/CoverSymbol_svg-tex.pdf): PDF
 inclusion: multiple pdfs with page group included in a single page
>]
Underfull \hbox (badness 10000) in paragraph at lines 215--216
[]\T1/qbk/m/n/10 Connections are drawn be-tween
 []

Package svg Info: Last page of `./svg-inkscape/PlainConnector_svg-tex.pdf' is 1
 on input line 222.
(svg-inkscape/PlainConnector_svg-tex.pdf_tex
<./svg-inkscape/PlainConnector_svg-tex.pdf, id=2897, page=1, 53.36392pt x 13.24
323pt>
File: ./svg-inkscape/PlainConnector_svg-tex.pdf Graphic file (type pdf)
<use ./svg-inkscape/PlainConnector_svg-tex.pdf, page 1>
Package pdftex.def Info: ./svg-inkscape/PlainConnector_svg-tex.pdf , page1 used
 on input line 56.
(pdftex.def)             Requested size: 32.32512pt x 8.02196pt.
)
Package svg Info: Last page of `./svg-inkscape/VisonlyConnector_svg-tex.pdf' is
 1 on input line 223.

(svg-inkscape/VisonlyConnector_svg-tex.pdf_tex
<./svg-inkscape/VisonlyConnector_svg-tex.pdf, id=2899, page=1, 52.99042pt x 13.
24431pt>
File: ./svg-inkscape/VisonlyConnector_svg-tex.pdf Graphic file (type pdf)
<use ./svg-inkscape/VisonlyConnector_svg-tex.pdf, page 1>
Package pdftex.def Info: ./svg-inkscape/VisonlyConnector_svg-tex.pdf , page1 us
ed on input line 56.
(pdftex.def)             Requested size: 32.32512pt x 8.0794pt.
)
Package svg Info: Last page of `./svg-inkscape/ExtraMoveConnector_svg-tex.pdf' 
is 1 on input line 224.

(svg-inkscape/ExtraMoveConnector_svg-tex.pdf_tex
<./svg-inkscape/ExtraMoveConnector_svg-tex.pdf, id=2901, page=1, 53.06435pt x 3
1.46399pt>
File: ./svg-inkscape/ExtraMoveConnector_svg-tex.pdf Graphic file (type pdf)
<use ./svg-inkscape/ExtraMoveConnector_svg-tex.pdf, page 1>
Package pdftex.def Info: ./svg-inkscape/ExtraMoveConnector_svg-tex.pdf , page1 
used on input line 56.
(pdftex.def)             Requested size: 32.32512pt x 19.16707pt.
)
Package svg Info: Last page of `./svg-inkscape/CoverConnector_svg-tex.pdf' is 1
 on input line 225.

(svg-inkscape/CoverConnector_svg-tex.pdf_tex
<./svg-inkscape/CoverConnector_svg-tex.pdf, id=2903, page=1, 54.29648pt x 28.61
798pt>
File: ./svg-inkscape/CoverConnector_svg-tex.pdf Graphic file (type pdf)
<use ./svg-inkscape/CoverConnector_svg-tex.pdf, page 1>
Package pdftex.def Info: ./svg-inkscape/CoverConnector_svg-tex.pdf , page1 used
 on input line 56.
(pdftex.def)             Requested size: 32.32512pt x 17.03859pt.
)
Package svg Info: Last page of `./svg-inkscape/HazardConnector_svg-tex.pdf' is 
1 on input line 226.

(svg-inkscape/HazardConnector_svg-tex.pdf_tex
<./svg-inkscape/HazardConnector_svg-tex.pdf, id=2905, page=1, 53.0634pt x 31.46
283pt>
File: ./svg-inkscape/HazardConnector_svg-tex.pdf Graphic file (type pdf)
<use ./svg-inkscape/HazardConnector_svg-tex.pdf, page 1>
Package pdftex.def Info: ./svg-inkscape/HazardConnector_svg-tex.pdf , page1 use
d on input line 56.
(pdftex.def)             Requested size: 32.32512pt x 19.16635pt.
)
Package svg Info: Last page of `./svg-inkscape/TrapConnector_svg-tex.pdf' is 1 
on input line 227.

(svg-inkscape/TrapConnector_svg-tex.pdf_tex
<./svg-inkscape/TrapConnector_svg-tex.pdf, id=2907, page=1, 53.0634pt x 22.9281
8pt>
File: ./svg-inkscape/TrapConnector_svg-tex.pdf Graphic file (type pdf)
<use ./svg-inkscape/TrapConnector_svg-tex.pdf, page 1>
Package pdftex.def Info: ./svg-inkscape/TrapConnector_svg-tex.pdf , page1 used 
on input line 56.
(pdftex.def)             Requested size: 32.32512pt x 13.96725pt.
) [29 <./svg-inkscape/ExampleArena_svg-tex.pdf> <./svg-inkscape/ExampleArena_sv
g-tex.pdf

pdfTeX warning: pdflatex.exe (file ./svg-inkscape/ExampleArena_svg-tex.pdf): PD
F inclusion: multiple pdfs with page group included in a single page
> <./svg-inkscape/PlainConnector_svg-tex.pdf

pdfTeX warning: pdflatex.exe (file ./svg-inkscape/PlainConnector_svg-tex.pdf): 
PDF inclusion: multiple pdfs with page group included in a single page
> <./svg-inkscape/VisonlyConnector_svg-tex.pdf

pdfTeX warning: pdflatex.exe (file ./svg-inkscape/VisonlyConnector_svg-tex.pdf)
: PDF inclusion: multiple pdfs with page group included in a single page
> <./svg-inkscape/ExtraMoveConnector_svg-tex.pdf

pdfTeX warning: pdflatex.exe (file ./svg-inkscape/ExtraMoveConnector_svg-tex.pd
f): PDF inclusion: multiple pdfs with page group included in a single page
> <./svg-inkscape/CoverConnector_svg-tex.pdf

pdfTeX warning: pdflatex.exe (file ./svg-inkscape/CoverConnector_svg-tex.pdf): 
PDF inclusion: multiple pdfs with page group included in a single page
> <./svg-inkscape/HazardConnector_svg-tex.pdf

pdfTeX warning: pdflatex.exe (file ./svg-inkscape/HazardConnector_svg-tex.pdf):
 PDF inclusion: multiple pdfs with page group included in a single page
>]
Package svg Info: Last page of `./svg-inkscape/TrapSymbol_svg-tex.pdf' is 1 on 
input line 235.
 (svg-inkscape/TrapSymbol_svg-tex.pdf_tex
<./svg-inkscape/TrapSymbol_svg-tex.pdf, id=2922, page=1, 206.88863pt x 185.6289
7pt>
File: ./svg-inkscape/TrapSymbol_svg-tex.pdf Graphic file (type pdf)
<use ./svg-inkscape/TrapSymbol_svg-tex.pdf, page 1>
Package pdftex.def Info: ./svg-inkscape/TrapSymbol_svg-tex.pdf , page1 used on 
input line 56.
(pdftex.def)             Requested size: 165.73738pt x 148.71579pt.
)
Overfull \hbox (6.65273pt too wide) in paragraph at lines 248--248
|  []  []
 []


Underfull \hbox (badness 6110) in paragraph at lines 259--260
[]\T1/qbk/b/n/10 Line-of-sight\T1/qbk/m/n/10 -- Af-fects any
 []


Underfull \hbox (badness 10000) in paragraph at lines 260--261
\T1/qbk/m/n/10 tar-get the char-ac-ter can
 []


Overfull \hbox (6.65273pt too wide) in paragraph at lines 276--276
|  []  []
 []

[30 <./svg-inkscape/TrapConnector_svg-tex.pdf> <./svg-inkscape/TrapSymbol_svg-t
ex.pdf

pdfTeX warning: pdflatex.exe (file ./svg-inkscape/TrapSymbol_svg-tex.pdf): PDF 
inclusion: multiple pdfs with page group included in a single page
>]
Underfull \vbox (badness 10000) has occurred while \output is active []

 [31]
Underfull \vbox (badness 10000) has occurred while \output is active []

 [32]
Overfull \hbox (6.65273pt too wide) in paragraph at lines 330--330
|  []  []
 []


Underfull \vbox (badness 10000) has occurred while \output is active []

 [33]
Underfull \vbox (badness 10000) has occurred while \output is active []

 [34])
[35]
\openout2 = `chapters/Casts.aux'.

 (chapters/Casts.tex [36




]
Chapter 5.

Overfull \hbox (10.15195pt too wide) in paragraph at lines 21--21
|  []  []
 []


Underfull \vbox (badness 10000) has occurred while \output is active []

 [37]
[38]
Underfull \vbox (badness 10000) has occurred while \output is active []

 [39]
Overfull \hbox (10.15195pt too wide) in paragraph at lines 120--120
|  []  []
 []


Overfull \hbox (10.15195pt too wide) in paragraph at lines 163--163
|  []  []
 []

[40]) [41]
\openout2 = `chapters/Augments.aux'.

 (chapters/Augments.tex [42




]
Chapter 6.

Overfull \hbox (10.15195pt too wide) in paragraph at lines 9--9
|  []  []
 []


Underfull \vbox (badness 10000) has occurred while \output is active []

 [43]
Overfull \hbox (10.15195pt too wide) in paragraph at lines 46--46
|  []  []
 []

) [44] [45



] [46]
\openout2 = `chapters/GammaNebulaOverview.aux'.

 (chapters/GammaNebulaOverview.tex
Chapter 7.

Overfull \hbox (10.15195pt too wide) in paragraph at lines 9--9
|  []  []
 []

) [47


]
\openout2 = `chapters/Physics.aux'.

 (chapters/Physics.tex [48




]
Chapter 8.

Underfull \hbox (badness 10000) in paragraph at lines 11--12
[]\T1/qbk/m/n/10 For the math-e-mat-i-cally minded
 []


Overfull \hbox (10.15195pt too wide) in paragraph at lines 13--13
|  []  []
 []


Overfull \hbox (6.65273pt too wide) in paragraph at lines 15--15
|  []  []
 []


Overfull \hbox (6.65273pt too wide) in paragraph at lines 22--22
|  []  []
 []


Overfull \hbox (6.65273pt too wide) in paragraph at lines 30--30
|  []  []
 []


Overfull \hbox (6.65273pt too wide) in paragraph at lines 42--42
|  []  []
 []

[49]
Overfull \hbox (6.65273pt too wide) in paragraph at lines 51--51
|  []  []
 []


Overfull \hbox (6.65273pt too wide) in paragraph at lines 62--62
|  []  []
 []


Overfull \hbox (6.65273pt too wide) in paragraph at lines 68--68
|  []  []
 []

) [50]
\openout2 = `chapters/Races.aux'.

 (chapters/Races.tex
Chapter 9.
[51




]
Overfull \hbox (10.15195pt too wide) in paragraph at lines 31--31
|  []  []
 []


Overfull \hbox (2.72398pt too wide) in paragraph at lines 37--37
| []
 []


Overfull \hbox (2.72398pt too wide) in paragraph at lines 40--40
| []
 []


Overfull \hbox (2.72398pt too wide) in paragraph at lines 46--46
| []
 []


Overfull \hbox (2.72398pt too wide) in paragraph at lines 52--52
| []
 []


Overfull \hbox (2.72398pt too wide) in paragraph at lines 59--59
| []
 []


Underfull \hbox (badness 7344) in paragraph at lines 62--63
\T1/qbk/m/it/10 trans-for-ma-tive el-e-ments \T1/qbk/m/n/10 (Fire or
 []

[52

]
Overfull \hbox (10.15195pt too wide) in paragraph at lines 67--67
|  []  []
 []


Overfull \hbox (2.72398pt too wide) in paragraph at lines 71--71
| []
 []


Overfull \hbox (2.72398pt too wide) in paragraph at lines 75--75
| []
 []


Overfull \hbox (2.72398pt too wide) in paragraph at lines 81--81
| []
 []


Overfull \hbox (2.72398pt too wide) in paragraph at lines 88--88
| []
 []


Overfull \hbox (2.72398pt too wide) in paragraph at lines 96--96
| []
 []

[53

]
Overfull \hbox (10.15195pt too wide) in paragraph at lines 103--103
|  []  []
 []


Overfull \hbox (2.72398pt too wide) in paragraph at lines 105--105
| []
 []


Overfull \hbox (2.72398pt too wide) in paragraph at lines 107--107
| []
 []


Overfull \hbox (2.72398pt too wide) in paragraph at lines 111--111
| []
 []


Overfull \hbox (2.72398pt too wide) in paragraph at lines 118--118
| []
 []


Overfull \hbox (2.72398pt too wide) in paragraph at lines 126--126
| []
 []


Underfull \hbox (badness 10000) in paragraph at lines 129--130
[]\T1/qbk/b/n/10 Serpentine Flex-i-bil-ity\T1/qbk/m/n/10 -- Re-ceive
 []


Underfull \hbox (badness 10000) in paragraph at lines 131--132
[]\T1/qbk/m/n/10 Additionally- you may roll
 []


Underfull \hbox (badness 10000) in paragraph at lines 131--132
[]\T1/qbk/b/scit/10 Dexterity \T1/qbk/m/n/10 to try to tra-verse
 []


Underfull \hbox (badness 10000) in paragraph at lines 131--132
\T1/qbk/m/n/10 ex-tra move-ment, con-tested by
 []

[54

]
Overfull \hbox (10.15195pt too wide) in paragraph at lines 138--138
|  []  []
 []


Overfull \hbox (2.72398pt too wide) in paragraph at lines 144--144
| []
 []


Overfull \hbox (2.72398pt too wide) in paragraph at lines 148--148
| []
 []


Overfull \hbox (2.72398pt too wide) in paragraph at lines 154--154
| []
 []


Overfull \hbox (2.72398pt too wide) in paragraph at lines 162--162
| []
 []


Overfull \hbox (2.72398pt too wide) in paragraph at lines 169--169
| []
 []


Underfull \hbox (badness 10000) in paragraph at lines 172--173
[]\T1/qbk/b/n/10 Carapace De-fense\T1/qbk/m/n/10 -- You may
 []


Underfull \hbox (badness 10000) in paragraph at lines 172--173
\T1/qbk/m/n/10 sub-sti-tute your Parry with
 []

[55

]
Overfull \hbox (10.15195pt too wide) in paragraph at lines 176--176
|  []  []
 []


Overfull \hbox (2.72398pt too wide) in paragraph at lines 180--180
| []
 []


Overfull \hbox (2.72398pt too wide) in paragraph at lines 182--182
| []
 []


Overfull \hbox (2.72398pt too wide) in paragraph at lines 186--186
| []
 []


Overfull \hbox (2.72398pt too wide) in paragraph at lines 193--193
| []
 []


Overfull \hbox (2.72398pt too wide) in paragraph at lines 200--200
| []
 []

[56

]
Overfull \hbox (10.15195pt too wide) in paragraph at lines 203--203
|  []  []
 []


Overfull \hbox (2.72398pt too wide) in paragraph at lines 207--207
| []
 []


Overfull \hbox (2.72398pt too wide) in paragraph at lines 209--209
| []
 []


Overfull \hbox (2.72398pt too wide) in paragraph at lines 211--211
| []
 []


Overfull \hbox (2.72398pt too wide) in paragraph at lines 218--218
| []
 []


Overfull \hbox (2.72398pt too wide) in paragraph at lines 225--225
| []
 []

[57

]
Overfull \hbox (10.15195pt too wide) in paragraph at lines 232--232
|  []  []
 []


Overfull \hbox (2.72398pt too wide) in paragraph at lines 240--240
| []
 []


Overfull \hbox (2.72398pt too wide) in paragraph at lines 242--242
| []
 []


Overfull \hbox (2.72398pt too wide) in paragraph at lines 246--246
| []
 []


Overfull \hbox (2.72398pt too wide) in paragraph at lines 251--251
| []
 []


Overfull \hbox (2.72398pt too wide) in paragraph at lines 257--257
| []
 []

[58

]
Overfull \hbox (10.15195pt too wide) in paragraph at lines 266--266
|  []  []
 []


Overfull \hbox (2.72398pt too wide) in paragraph at lines 268--268
| []
 []


Overfull \hbox (2.72398pt too wide) in paragraph at lines 270--270
| []
 []


Overfull \hbox (2.72398pt too wide) in paragraph at lines 272--272
| []
 []


Overfull \hbox (2.72398pt too wide) in paragraph at lines 274--274
| []
 []


Overfull \hbox (2.72398pt too wide) in paragraph at lines 276--276
| []
 []

) [59

] [60



] [61

] [62]
\openout2 = `chapters/MathematicalFormulas.aux'.

 (chapters/MathematicalFormulas.tex) [63


] [64



]
(GammaRP1e.lof)
\tf@lof=\write7
\openout7 = `GammaRP1e.lof'.

 [65

] [66

] (GammaRP1e.lot)
\tf@lot=\write8
\openout8 = `GammaRP1e.lot'.

 [67

] [68

]
runsystem(makeindex -s GRPindexstyle.ist GammaRP1e.idx)...executed safely (allo
wed).

 (GammaRP1e.ind) [69

]
(GammaRP1e.aux (chapters/Introduction.aux) (chapters/TheBasics.aux)
(chapters/BuildingCharacter.aux) (chapters/Gameplay.aux) (chapters/Casts.aux)
(chapters/Augments.aux) (chapters/GammaNebulaOverview.aux)
(chapters/Physics.aux) (chapters/Races.aux) (chapters/MathematicalFormulas.aux)
)
 ***********
LaTeX2e <2025-11-01>
L3 programming layer <2025-11-06>
 ***********


LaTeX Font Warning: Some font shapes were not available, defaults substituted.


LaTeX Warning: There were undefined references.

Package rerunfilecheck Info: File `GammaRP1e.out' has not changed.
(rerunfilecheck)             Checksum: 8A688FCA240B876589C31C458F501169;8701.
 ) 
Here is how much of TeX's memory you used:
 37997 strings out of 467871
 783232 string characters out of 5428442
 1552239 words of memory out of 5000000
 65897 multiletter control sequences out of 15000+600000
 745678 words of font info for 98 fonts, out of 8000000 for 9000
 1141 hyphenation exceptions out of 8191
 101i,28n,122p,733b,1826s stack positions out of 10000i,1000n,20000p,200000b,200000s
<C:/Program Files/MiKTeX/fonts/type1/public/amsfonts/cm/cmex10.pfb><C:/Progra
m Files/MiKTeX/fonts/type1/public/amsfonts/cm/cmmi10.pfb><C:/Program Files/MiKT
eX/fonts/type1/public/amsfonts/cm/cmmi7.pfb><C:/Program Files/MiKTeX/fonts/type
1/public/amsfonts/cm/cmmi9.pfb><C:/Program Files/MiKTeX/fonts/type1/public/amsf
onts/cm/cmr10.pfb><C:/Program Files/MiKTeX/fonts/type1/public/amsfonts/cm/cmr12
.pfb><C:/Program Files/MiKTeX/fonts/type1/public/amsfonts/cm/cmr7.pfb><C:/Progr
am Files/MiKTeX/fonts/type1/public/amsfonts/cm/cmr9.pfb><C:/Program Files/MiKTe
X/fonts/type1/public/amsfonts/cm/cmsy10.pfb><C:/Program Files/MiKTeX/fonts/type
1/public/amsfonts/cm/cmsy7.pfb><C:/Program Files/MiKTeX/fonts/type1/public/amsf
onts/cm/cmsy9.pfb><C:/Program Files/MiKTeX/fonts/type1/public/cbgreek/grmn1000.
pfb><C:/Program Files/MiKTeX/fonts/type1/public/tex-gyre/qbkb.pfb><C:/Program F
iles/MiKTeX/fonts/type1/public/tex-gyre/qbkbi.pfb><C:/Program Files/MiKTeX/font
s/type1/public/tex-gyre/qbkr.pfb><C:/Program Files/MiKTeX/fonts/type1/public/te
x-gyre/qbkri.pfb>
Output written on GammaRP1e.pdf (73 pages, 2309881 bytes).
PDF statistics:
 3307 PDF objects out of 3580 (max. 8388607)
 207 named destinations out of 1000 (max. 500000)
 1342 words of extra memory for PDF output out of 10000 (max. 10000000)

